NEW_SMILES,pIC50,amw,lipinskiHBA,lipinskiHBD,NumRotatableBonds,NumHBD,NumHBA,NumHeavyAtoms,NumAtoms,NumHeteroatoms,NumAmideBonds,FractionCSP3,NumRings,NumAromaticRings,NumAliphaticRings,NumSaturatedRings,NumHeterocycles,NumAromaticHeterocycles,NumSaturatedHeterocycles,NumAliphaticHeterocycles,NumSpiroAtoms,NumBridgeheadAtoms,NumAtomStereoCenters,NumUnspecifiedAtomStereoCenters,labuteASA,tpsa,CrippenClogP,CrippenMR,chi0v,chi1v,chi2v,chi3v,chi4v,hallKierAlpha,kappa1,kappa2,kappa3,Phi,Total Surface Area,Shape Index,Molecular Flexibility,Molecular Complexity
CC(=O)N(C)Cc1cc(C(=O)N(C)Cc2cc3ccccc3n2C)ccc1N,5.173925197299174,378.4760000000001,6,2,5,1,4,28,54,6,2,0.2727272727272727,3,3,0,0,1,1,0,0,0,0,0,0,164.6914329175857,71.57000000000001,3.011,111.7189,16.76850335250733,9.165288125870525,5.131905348919404,5.131905348919404,3.275526066550042,-3.28,19.48071659077055,7.760913788260013,3.856356414395287,5.39957721408917,298,0.53571,0.608,0.81905
CN(Cc1cc2ccccc2n1C)C(=O)CCc1ccc(=N)[nH]c1,4.028260409112222,322.4119999999999,5,2,5,2,3,24,46,5,1,0.2631578947368421,3,3,0,0,2,2,0,0,0,0,0,0,140.6053012017439,64.88,2.57707,94.36140000000003,14.04279797854043,8.038994077370281,4.380648573158519,4.380648573158519,2.883636135654107,-2.82,16.05245334371587,6.743193220459684,3.399938682091897,4.510199773295426,260.39,0.625,0.55221,0.76987
CN1Cc2cc(C(=O)N(C)Cc3cc4ccccc4n3C)ccc2NCC1=O,4.673664139071248,376.4600000000001,6,1,3,1,4,28,52,6,2,0.2727272727272727,4,3,1,0,2,1,0,1,0,0,0,0,163.8955732506518,57.58000000000001,2.8344,110.1222000000001,16.39825986450425,9.33371977246226,5.412436456926047,5.412436456926047,3.712480933225715,-3.28,18.10053384806632,7.034653963923301,3.217179732106967,4.547535435122414,288.94,0.53571,0.50473,0.85628
COC(=O)CC1Nc2ccc(C(=O)N(C)Cc3cc4ccccc4n3C)cc2CN(C)C1=O,4.782516055786093,448.5230000000002,8,1,5,1,6,33,61,8,2,0.32,4,3,1,0,2,1,0,1,0,0,1,1,192.2654669233923,83.88,2.766100000000002,125.6762000000001,19.2921067146216,10.7822615224502,6.159131619330805,6.159131619330805,4.268596327945938,-3.81,22.38629865427983,8.974280473798963,4.413481500524491,6.087906754355619,341.45,0.54545,0.50356,0.88637
CN(Cc1cc2ccccc2n1C)C(=O)C=Cc1cnc(=N)[nH]c1,5.657577319177793,321.384,6,2,4,2,4,24,43,6,1,0.1666666666666667,3,3,0,0,2,2,0,0,0,0,0,0,139.1353461505061,77.77000000000001,2.05267,92.86940000000003,13.65314828085692,7.602368118275687,3.963069467606116,3.963069467606116,2.569912935393876,-3.15,15.73456253082371,6.536006454318208,3.271042169027393,4.285050094055716,257.63,0.625,0.43217,0.76987
CN(Cc1cc2ccccc2n1C)C(=O)/C=C/c1cccnc1,4.847711655616943,305.381,4,0,4,0,3,23,42,4,1,0.1578947368421053,3,3,0,0,2,2,0,0,0,0,0,0,135.2303471702949,38.13,3.245100000000002,92.66400000000003,13.30784881923617,7.514951742344723,3.929209670904462,3.929209670904462,2.588009713271182,-2.88,15.03257942048795,6.482239874174768,3.314280004239277,4.236729814399393,248.41,0.6087,0.46774,0.75903
Cc1c(CN(C)C(=O)CC=c2cnc3c(c2)CCC(=O)N=3)oc2ccccc12,7.537602002101043,375.4280000000001,6,0,4,0,4,28,49,6,2,0.2727272727272727,4,3,1,0,3,2,0,1,0,0,0,0,161.7513843023265,75.77000000000001,2.05782,104.853,15.93626466696504,9.287076683597434,5.064220317400815,5.064220317400815,3.373853668322295,-3.28,18.10053384806632,7.384409972170864,3.579610649430594,4.773634380331328,293.06,0.60714,0.51046,0.84323
O=C1CC(=O)OC(c2c(-c3ccc(O)c(O)c3)oc3cc(C=Cc4ccc(O)c(O)c4)oc(=O)c23)C1,4.815308569182401,490.4200000000003,10,4,4,4,10,36,54,10,0,0.1153846153846154,5,4,1,1,3,2,1,1,0,0,1,1,201.4606093049311,167.64,3.993000000000002,125.2892,18.42606037905237,10.73480782522714,5.687783078189428,5.687783078189428,4.025004034661624,-4.99,22.7850263706432,8.657910628165475,4.155211536231779,5.479742277150622,345.35,0.47222,0.26662,0.96643
CC(C)=CCc1c(O)cc(-c2cc3ccc(O)cc3o2)cc1O,4.076755981369724,310.349,4,3,3,3,4,23,41,4,0,0.1578947368421053,3,3,0,0,1,1,0,0,0,0,0,0,133.4822999177599,73.83,4.725300000000004,89.77940000000001,12.99844774247767,7.349630178647214,3.705429771296002,3.705429771296002,2.461386109233507,-2.88,15.03257942048795,5.72299831968074,3.013962914901161,3.740496815822601,239.35,0.6087,0.34681,0.80083
CCc1ccc(Oc2ccc(C(=O)CCCO)cc2)c(O)c1,7.318758762624412,300.354,4,2,7,2,4,22,42,4,0,0.2777777777777778,2,2,0,0,0,0,0,0,0,0,0,0,129.5416848458834,66.76,3.702100000000002,84.65110000000003,12.58080278100122,7.375821638594211,3.397650527536131,3.397650527536131,2.08896363384449,-2.33,16.04767212507745,7.613758523221892,4.085075296031503,5.553777291826308,240.77,0.72727,0.57013,0.6909
CCc1cc(O)c(Oc2ccc(C(N)=O)cc2F)cc1F,7.920818753952375,293.2689999999999,4,3,4,2,3,21,34,6,1,0.1333333333333333,2,2,0,0,0,0,0,0,0,0,0,0,119.3235862533627,72.55000000000001,3.124000000000001,72.4347,11.19084751877044,6.206013422921473,2.94519717210672,2.94519717210672,1.79486863681877,-2.63,14.7723487400882,5.783337078926701,3.102136840309201,4.068260581494679,214.36,0.61905,0.51741,0.77749
CCc1cc(O)c(Oc2ccc(C(=O)NC)cc2F)cc1F,7.086186147616283,307.296,4,2,4,2,3,22,37,6,1,0.1875,2,2,0,0,0,0,0,0,0,0,0,0,125.8984998543546,58.56,3.384700000000001,77.30700000000002,12.11349724958082,6.667338288326659,3.149930145353425,3.149930145353425,1.927178073508059,-2.63,15.75309439338849,6.425410818193296,3.16164845483149,4.600913778877207,229.56,0.63636,0.51832,0.78589
CCc1ccc(Oc2ccc(C(=O)N3CCNC(=O)C3)cc2F)c(O)c1,7.552841968657781,358.3690000000001,6,2,4,2,4,26,45,7,2,0.2631578947368421,3,2,1,1,1,0,1,1,0,0,0,0,149.7433154113361,78.87,2.458,92.87200000000003,14.28966527528468,8.328982641357513,4.15591317607451,4.15591317607451,2.698787659025354,-3.09,17.72402644058957,7.428816534513672,3.766740373000708,5.064174641538821,266.78,0.61538,0.51156,0.7971
CCc1cc(O)c(Oc2ccc(C(=O)N3CCNC(=O)C3)cc2F)cc1F,7.795880017344075,376.3590000000001,6,2,4,2,4,27,45,8,2,0.2631578947368421,3,2,1,1,1,0,1,1,0,0,0,0,153.9088508142624,78.87,2.597100000000001,92.83000000000004,14.59027947910428,8.434631544528793,4.233199746922932,4.233199746922932,2.769141815408801,-3.16,18.62573550978155,7.608501177764168,3.99333239721845,5.248664094922105,273.13,0.59259,0.50872,0.82089
CCc1cc(O)c(Oc2ccc(C(=O)O)cc2F)cc1F,6.744727494896694,294.253,4,2,4,2,3,21,33,6,0,0.1333333333333333,2,2,0,0,0,0,0,0,0,0,0,0,118.777929308546,66.76,3.723300000000002,70.87610000000002,11.06071084508077,6.140945086076639,2.907629950313634,2.907629950313634,1.774632108563026,-2.63,14.7723487400882,5.783337078926701,3.102136840309201,4.068260581494679,212.19,0.61905,0.5041,0.77749
CCc1cc(O)c(Oc2ccc[nH]c2=N)cc1F,7.251811972993799,248.257,4,3,3,3,3,18,31,5,0,0.1538461538461539,2,2,0,0,1,1,0,0,0,0,0,0,103.1966949191946,69.1,2.693569999999999,64.16420000000001,9.827284486107725,5.530214970733822,2.546693712313206,2.546693712313206,1.564460288233364,-2.3,12.16469934382732,4.912038669016717,2.344505511994822,3.319637420769004,191.46,0.61111,0.32353,0.75903
CCc1cc(O)c(Oc2cccnc2F)cc1F,7.886056647693163,251.232,3,1,3,1,3,18,29,5,0,0.1538461538461539,2,2,0,0,1,1,0,0,0,0,0,0,102.6768793228561,42.35,3.420100000000001,61.71180000000002,9.65246255461691,5.412327760140762,2.453668327765829,2.453668327765829,1.505408640352813,-2.17,12.29121979644052,4.995022243690402,2.395126431250276,3.410828682517123,186.85,0.61111,0.4639,0.72942
CCc1cc(O)c(Oc2ccccc2)cc1F,7.431798275933005,232.254,2,1,3,1,2,17,30,3,0,0.1428571428571428,2,2,0,0,0,0,0,0,0,0,0,0,99.29169593898335,29.46,3.886000000000002,63.95880000000003,9.481985024486978,5.446881637400488,2.479898060922731,2.479898060922731,1.555032950088842,-2.03,11.45525550215671,4.86873620439508,2.558584556541952,3.280742187879196,181.74,0.64706,0.4944,0.70285
CCc1cc(O)c(Oc2ccccc2F)cc1F,8.096910013008056,250.244,2,1,3,1,2,18,30,4,0,0.1428571428571428,2,2,0,0,0,0,0,0,0,0,0,0,103.4572313419096,29.46,4.025100000000001,63.91680000000002,9.782599228306578,5.552530540571769,2.565450903530143,2.565450903530143,1.585494849542978,-2.1,12.35936766919926,5.0398785035276,2.422575172023754,3.460539524066187,188.09,0.61111,0.4639,0.73284
CCc1cc(O)c(Oc2ccc(C#N)cc2F)cc1F,7.508638306165727,275.254,3,1,3,1,3,20,31,5,0,0.1333333333333333,2,2,0,0,0,0,0,0,0,0,0,0,114.2147531377749,53.25,3.896780000000001,68.63180000000001,10.65246255461691,5.936820940844707,2.789778820115875,2.789778820115875,1.711148635141598,-2.61,13.81319143469052,5.574134102951315,2.694609620874628,3.849829072335171,209.8,0.65,0.47438,0.76043
COc1ccc(-c2c[nH]c(Cc3ccc(C)cc3)n2)cc1,4.1791420105603,278.355,3,1,4,1,2,21,39,3,0,0.1666666666666667,3,3,0,0,1,1,0,0,0,0,0,0,124.1827715062826,37.91,3.984520000000003,84.56070000000004,12.258721089857,6.986777491663764,3.508865670059469,3.508865670059469,2.261113780941983,-2.55,13.43385351594024,5.833949888961301,3.135142847465663,3.732020391792474,229.39,0.71429,0.50706,0.72049
Cc1ccc(Cn2cnc(-c3cccc(Cl)c3Cl)c2)cc1,5,317.2190000000001,2,0,3,0,2,21,35,4,0,0.1176470588235294,3,3,0,0,1,1,0,0,0,0,0,0,133.5207881027377,17.82,5.213620000000003,87.96400000000003,13.06547323294846,7.405937318126281,4.165447120341534,4.165447120341534,2.588915197465129,-1.77,14.17922954279764,5.922170807796311,3.120233476710645,3.998658060733297,237.6,0.61905,0.50909,0.76523
c1ccc(-c2ccc(Cn3cnc(-c4ccsc4)c3)cc2)cc1,5.115771230367396,316.429,2,0,4,0,3,23,39,3,0,0.05,4,4,0,0,2,2,0,0,0,0,0,0,139.2467710110533,17.82,5.326900000000003,96.52000000000002,13.40918261223282,8.51360773066132,4.55962654255561,4.55962654255561,3.29954035310752,-2.65,13.97502464590144,6.225934344459867,3.099571963937214,3.782938517721343,250.2,0.65217,0.50538,0.72855
CC(=O)N=c1ccc(C=CC(=O)N(C)Cc2cc3ccccc3n2C)c[nH]1,6.522878745280337,362.433,6,1,4,1,3,27,49,6,2,0.1904761904761905,3,3,0,0,2,2,0,0,0,0,0,0,157.017075984992,70.46000000000001,2.625400000000001,105.4637,15.63874684051041,8.643908639438582,4.343064374334962,4.343064374334962,2.884949422367113,-3.41,18.38314576922495,7.864963230903204,4.412081267629401,5.354917242344002,292.04,0.62963,0.41937,0.78821
CN(Cc1cc2ccccc2n1C)C(=O)C=Cc1ccc(=N)[nH]c1,5.619788758288394,320.396,5,2,4,2,3,24,44,5,1,0.1578947368421053,3,3,0,0,2,2,0,0,0,0,0,0,139.9156981695596,64.88,2.65767,95.07440000000004,13.78328495454659,7.742570898706693,4.081582802422177,4.081582802422177,2.653989650232944,-3.08,15.80196595488063,6.579788669907831,3.298205534647352,4.332233189674701,259.37,0.625,0.43122,0.76987
Cc1c(CN(C)C(=O)CC=c2cnc3c(c2)CCC(=O)N=3)c2ccccc2n1C,7.221848749616356,388.4710000000001,6,0,4,0,4,29,53,6,2,0.3043478260869565,4,3,1,0,3,2,0,1,0,0,0,0,168.7411290602559,67.56,1.80332,111.558,16.97522997200113,9.773255584133485,5.666619750974747,5.666619750974747,3.818734023063936,-3.28,19.0545644431685,7.621059420106889,3.70077794029208,5.007447167091141,304.83,0.58621,0.51321,0.87243
COc1ccc(-c2cn(Cc3ccc(C(F)(F)F)cc3)cn2)cc1,5.39040559077478,332.325,3,0,4,0,3,24,39,6,0,0.1666666666666667,3,3,0,0,1,1,0,0,0,0,0,0,136.8893492016566,27.05,4.625800000000003,84.76100000000002,12.91717837357427,7.27871331349786,3.66543974331796,3.66543974331796,2.367369748722528,-2.76,16.11028714810064,6.390769171980089,3.58762396694215,4.289880269076192,246.22,0.66667,0.56108,0.73199
COc1ccc(C(=O)N2CCc3c(n(Cc4ccc(O)cc4)c4ccccc34)C2)cc1,6.431798275933005,412.4890000000001,5,1,4,1,4,31,55,5,1,0.1923076923076923,5,4,1,0,2,1,0,1,0,0,0,0,180.6593442557703,54.7,4.602300000000004,120.5853,17.41476772244931,10.44035192103944,6.067690423322983,6.067690423322983,4.448357427063786,-3.73,19.24640059770126,7.835587371630115,3.523430295955823,4.864737208796203,314.78,0.54839,0.40562,0.89773
Cc1ccc(Cc2nc(-c3ccsc3)no2)cc1,4.294992040666664,256.33,3,0,3,0,4,18,30,4,0,0.1428571428571428,3,3,0,0,2,2,0,0,0,0,0,0,109.1008205625689,38.92,3.697320000000002,71.59600000000003,10.7759790183693,6.660889875445446,3.406649630421049,3.406649630421049,2.350501804814483,-1.94,11.16760366883367,4.740601830944918,2.333160624826577,2.94117568887445,201.95,0.66667,0.47451,0.69862
COc1ccc(-c2cn(Cc3ccccc3)cn2)cc1,5.94692155651658,264.328,3,0,4,0,3,20,36,3,0,0.1176470588235294,3,3,0,0,1,1,0,0,0,0,0,0,118.0278008784813,27.05,3.607000000000002,79.75900000000004,11.36063522373621,6.55108300146106,3.22700179685286,3.22700179685286,2.151652419021528,-2.55,12.48211054645422,5.612695959491282,2.718227021766468,3.502914571500357,216.76,0.7,0.49865,0.70285
COC(=O)c1ccc(C(=O)N2CCc3c(n(Cc4ccc(O)cc4)c4ccccc34)C2)cc1,5.698970004336019,440.4990000000001,6,1,4,1,5,33,57,6,1,0.1851851851851852,5,4,1,0,2,1,0,1,0,0,0,0,191.1858084702106,71.77000000000001,4.380300000000004,125.3728,18.32301601291316,10.89447606627137,6.283669732450993,6.283669732450993,4.581500508850899,-4.06,20.82112256502873,8.46630002059184,3.843395606299743,5.341753648516605,332.53,0.54545,0.41823,0.9095
O=C(c1cccc(O)c1)N1CCc2c(n(Cc3ccc(O)cc3)c3ccccc23)C1,5.468521082957745,398.462,5,2,3,2,4,30,52,5,1,0.16,5,4,1,0,2,1,0,1,0,0,0,0,173.9750906640628,65.7,4.299300000000002,115.6981,16.4537330274854,10.05158628309362,5.823826171441667,5.823826171441667,4.353704100003092,-3.73,18.30820281053822,7.26312980082834,3.18160267473781,4.432495114427643,298.87,0.5,0.39279,0.8988
O=C(c1ccc(Cl)cc1)N1CCc2c(n(Cc3ccc(O)cc3)c3ccccc23)C1,6.744727494896694,416.9080000000001,4,1,3,1,3,30,51,5,1,0.16,5,4,1,0,2,1,0,1,0,0,0,0,179.4841231387485,45.47,5.247100000000005,119.0433,17.14041285101312,10.39492619485749,6.073869872448739,6.073869872448739,4.433215518336469,-3.24,18.76744553665189,7.541801677343638,3.332957937341507,4.718011740925887,307.94,0.53333,0.39279,0.90348
CS(=O)(=O)c1ccc(Cn2c3c(c4ccccc42)CCN(C(=O)c2ccc(O)cc2)C3)cc1,6.481486060122113,460.5550000000003,6,1,4,1,5,33,57,7,1,0.1923076923076923,5,4,1,0,2,1,0,1,0,0,0,0,192.17119740805,79.61,3.997200000000003,127.1431,19.04776088430475,12.66509679243103,7.388610740279544,7.388610740279544,5.189939050860981,-3.58,21.27540932892254,8.081553082651077,4.000346944179852,5.210253025661135,333.36,0.51515,0.42594,0.92506
O=C(c1cc(Cl)cc(Cl)c1O)N1CCc2c(n(Cc3ccc(O)cc3)c3ccccc23)C1,5.744727494896694,467.3520000000002,5,2,3,2,4,32,52,7,1,0.16,5,4,1,0,2,1,0,1,0,0,0,0,194.5816231178262,65.7,5.606100000000005,125.7181,18.56681932716151,11.01881303545464,6.495641132696214,6.495641132696214,4.924956795898424,-3.15,20.73602313453755,8.079480819590167,3.574256171531396,5.235509412189817,329.71,0.46875,0.40625,0.92811
O=C(c1ccc(Cl)cc1O)N1CCc2c(n(Cc3ccc(O)cc3)c3ccccc23)C1,6.795880017344075,432.9070000000002,5,2,3,2,4,31,52,6,1,0.16,5,4,1,0,2,1,0,1,0,0,0,0,184.2783568909445,65.7,4.952700000000003,120.7081,17.51027617732345,10.53519965927413,6.15600541217793,6.15600541217793,4.554519080344809,-3.44,19.51917085528039,7.671248966380213,3.509987047453992,4.830207072521564,314.29,0.51613,0.40176,0.91432
O=C1CCc2cc(=CCC(=O)N3CC(Oc4ccccc4)C3)cnc2=N1,6,349.39,6,0,4,0,4,26,45,6,2,0.3,4,2,2,1,3,1,1,2,0,0,0,0,150.3831045824922,71.86,0.6343999999999999,94.86600000000004,14.29807198653084,8.733945492945685,4.561910508334512,4.561910508334512,3.075573656309943,-3.02,16.44853059823954,7.074648094463526,3.63811115893259,4.475675602060014,267.01,0.69231,0.45537,0.77625
O=C1CCc2cc(=CCC(=O)N3CC(OCc4ccccc4)C3)cnc2=N1,7.301029995663981,363.417,6,0,5,0,4,27,48,6,2,0.3333333333333333,4,2,2,1,3,1,1,2,0,0,0,0,156.7480466968888,71.86,0.7721999999999998,99.02700000000004,15.00517876771739,9.172049872901837,4.844482835482969,4.844482835482969,3.203246365820933,-2.86,17.54867327848884,7.797532800113512,4.282555661074181,5.068013166203417,280.77,0.7037,0.48218,0.77436
O=C1CCc2cc(=CCC(=O)N3CC(COc4ccccc4)C3)cnc2=N1,6.576754126063192,363.417,6,0,5,0,4,27,48,6,2,0.3333333333333333,4,2,2,1,3,1,1,2,0,0,0,0,156.7480466968888,71.86,0.8819999999999997,99.43500000000004,15.00517876771739,9.195166657608842,4.853991029822581,4.853991029822581,3.277459798584513,-3.02,17.39663841266161,7.696539094742637,4.216221615942774,4.95903361704265,280.77,0.7037,0.48773,0.77309
O=C1CCc2cc(=CCC(=O)N3CC(COc4ccccc4F)C3)cnc2=N1,6.422508200162775,381.407,6,0,5,0,4,28,48,7,2,0.3333333333333333,4,2,2,1,3,1,1,2,0,0,0,0,160.913582099815,71.86,1.0211,99.39300000000004,15.30579297153699,9.300815560780123,4.936273851536257,4.936273851536257,3.316082385081827,-3.09,18.28155809076135,7.878912890385225,4.081387091323723,5.144242989200926,287.12,0.67857,0.45946,0.79105
O=C1CCc2cc(=CCC(=O)N3CC(COc4cccc(F)c4)C3)cnc2=N1,6.3585258894959,381.407,6,0,5,0,4,28,48,7,2,0.3333333333333333,4,2,2,1,3,1,1,2,0,0,0,0,160.913582099815,71.86,1.0211,99.39300000000003,15.30579297153699,9.294832496636417,4.906868209015795,4.906868209015795,3.317522774727499,-3.09,18.28155809076135,7.878912890385225,4.24329914896748,5.144242989200926,287.12,0.67857,0.49129,0.78878
O=C1CCc2cc(=CCC(=O)N3CC(COc4ccc(F)cc4)C3)cnc2=N1,6.500312917381597,381.407,6,0,5,0,4,28,48,7,2,0.3333333333333333,4,2,2,1,3,1,1,2,0,0,0,0,160.913582099815,71.86,1.0211,99.39300000000003,15.30579297153699,9.294832496636417,4.924423631936766,4.924423631936766,3.291561232184772,-3.09,18.28155809076135,7.878912890385225,4.24329914896748,5.144242989200926,287.12,0.71429,0.49129,0.78295
Cc1ccccc1OCC1CN(C(=O)CC=c2cnc3c(c2)CCC(=O)N=3)C1,6.752026733638194,377.4440000000002,6,0,5,0,4,28,51,6,2,0.3636363636363636,4,2,2,1,3,1,1,2,0,0,0,0,163.1129888112854,71.86,1.19042,104.172,15.92782849852776,9.611833324275512,5.193215769231903,5.193215769231903,3.472665622859198,-3.02,18.3482805189656,7.922525539908525,4.10896886229513,5.191597179461108,293.03,0.67857,0.45946,0.78589
Cc1ccc(OCC2CN(C(=O)CC=c3cnc4c(c3)CCC(=O)N=4)C2)cc1,6.035740369803151,377.4440000000002,6,0,5,0,4,28,51,6,2,0.3636363636363636,4,2,2,1,3,1,1,2,0,0,0,0,163.1129888112853,71.86,1.19042,104.172,15.92782849852776,9.605850260131806,5.131768807600356,5.131768807600356,3.395233820016564,-3.02,18.3482805189656,7.922525539908523,4.271749116300501,5.191597179461107,293.03,0.71429,0.49129,0.77749
O=C1CCc2cc(=CCC(=O)N3CC(COc4ccc5ccccc5c4)C3)cnc2=N1,5.85078088734462,413.4770000000001,6,0,5,0,4,31,54,6,2,0.28,5,3,2,1,3,1,1,2,0,0,0,0,179.429711228624,71.86,2.0352,116.941,17.15987930609663,10.59986719598809,5.831716308778281,5.831716308778281,4.017930115359094,-3.54,19.42507820908214,8.299420624562448,4.330783361304648,5.200544991038545,315.37,0.67742,0.46323,0.80548
O=C1CCc2cc(=CCC(=O)N3CC(c4nc5ccccc5s4)C3)cnc2=N1,6.428291168191312,390.4680000000001,6,0,3,0,5,28,46,7,2,0.2857142857142857,5,3,2,1,4,2,1,2,0,0,0,0,164.8112351360785,75.52000000000001,1.5803,106.369,15.9844318937689,10.17141935547126,6.408020011193596,6.408020011193596,4.620712546576508,-2.93,17.18764800549638,6.905919884417724,3.220463038790778,4.239161433126075,286.31,0.64286,0.42708,0.83354
Cc1c(C2CN(C(=O)CC=c3cnc4c(c3)CCC(=O)N=4)C2)sc2ccccc12,6.149353764816934,403.5070000000001,5,0,3,0,4,29,50,6,2,0.3043478260869565,5,3,2,1,4,2,1,2,0,0,0,0,171.9565292695285,62.63,2.493720000000001,113.311,17.03721829826894,10.72420575997131,7.236171949957734,7.236171949957734,5.391901463797124,-2.86,18.1865212331394,7.189798107556484,3.376624967930545,4.508876411898672,299.81,0.62069,0.42772,0.86153
Cc1c(C2CN(C(=O)CC=c3cnc4c(c3)CCC(=O)N=4)C2)oc2ccccc12,6.85078088734462,387.4390000000001,6,0,3,0,4,29,50,6,2,0.3043478260869565,5,3,2,1,4,2,1,2,0,0,0,0,167.1104952631939,75.77000000000001,2.025219999999999,107.7,16.22072171734121,9.90770917904358,5.800830026847382,5.800830026847382,4.098490446099339,-3.28,17.79386481997069,6.954633465714715,3.243792169929196,4.267234750392134,293.56,0.62069,0.42772,0.86492
Cc1c(C2CN(C(=O)CC=c3cnc4c(c3)CCC(=O)N=4)C2)oc2ccc(Cl)cc12,6.690369832574102,421.8840000000002,6,0,3,0,4,30,50,7,2,0.3043478260869565,5,3,2,1,4,2,1,2,0,0,0,0,177.4137614900756,75.77000000000001,2.67862,112.71,17.27726486717927,10.38533949108038,6.090477092350345,6.090477092350345,4.289407740675833,-2.99,19.00210686215898,7.361854559315886,3.411439547560762,4.663024901326425,308.98,0.63333,0.42831,0.87987
Cc1cc(C2CN(C(=O)CC=c3cnc4c(c3)CCC(=O)N=4)C2)nc2ccccc12,6.616184634019569,398.4660000000001,6,0,3,0,4,30,52,6,2,0.2916666666666667,5,3,2,1,4,2,1,2,0,0,0,0,173.5358139800636,75.52000000000001,1.82722,113.229,16.83703729156693,10.2740247532693,5.910565643266443,5.910565643266443,4.121692679334727,-3.41,18.60801104378411,7.444716410768206,3.493047628669867,4.61771217298052,302.63,0.63333,0.42683,0.85734
O=C1CCc2cc(=CCC(=O)N3CC(c4ccccn4)C3)cnc2=N1,6.616184634019569,334.3790000000001,6,0,3,0,4,25,43,6,2,0.3157894736842105,4,2,2,1,4,2,1,2,0,0,0,0,144.4892073339318,75.52000000000001,0.3655999999999999,90.98600000000003,13.75968702237731,8.442591441482044,4.655505240998947,4.655505240998947,3.154485186906523,-2.89,15.62686224578402,6.547226984441904,3.330725895728199,4.092504567110143,255.77,0.68,0.45439,0.79656
O=C1CCc2cc(=CCC(=O)N3CC(c4ccccc4)C3)cnc2=N1,6.311580177997289,333.3910000000001,5,0,3,0,3,25,44,5,2,0.3,4,2,2,1,3,1,1,2,0,0,0,0,145.2695593529853,62.63,0.9705999999999999,93.19100000000005,13.88982369606697,8.58279422191305,4.820435912547913,4.820435912547913,3.28598995903348,-2.82,15.69285644077495,6.589176707213883,3.356522556808812,4.136120165168227,257.01,0.68,0.47165,0.77811
CC(=O)N=c1ccc(C=CC(=O)N2CC(c3oc4ccccc4c3C)C2)c[nH]1,6.79317412396815,375.4280000000001,6,1,3,1,3,28,49,6,2,0.2272727272727273,4,3,1,1,3,2,1,1,0,0,0,0,161.7513843023266,78.67,3.155720000000001,106.3427,15.80688831666086,9.201011965159047,4.961220541372668,4.961220541372668,3.451472181356343,-3.41,17.97674299445841,7.306717223612469,3.533420521161915,4.691106345073718,293.03,0.64286,0.31797,0.82582
Cc1c(C2CN(C(=O)C=Cc3ccc(=NC(=O)Cn4ccnn4)[nH]c3)C2)oc2ccccc12,6.074172425375258,442.4790000000002,9,1,5,1,6,33,55,9,2,0.2083333333333333,5,4,1,1,4,3,1,1,0,0,0,0,188.6038135147026,109.38,2.42752,120.6907,18.01033642272654,10.62052423459682,5.697666620034693,5.697666620034693,3.90718492650206,-4.27,20.622596976867,8.696908849708903,4.381453712266253,5.434934731881656,341.01,0.63636,0.34395,0.8444
Cc1c(C2CN(C(=O)CC=c3cnc4c(c3)CNCC(=O)N=4)C2)oc2ccccc12,6.41566877563247,402.4540000000002,7,1,3,1,5,30,52,7,2,0.3043478260869565,5,3,2,1,4,2,1,2,0,0,0,0,172.6603574468019,87.8,1.18222,111.0857,16.72072171734121,10.11481596023013,5.784303133476216,5.784303133476216,4.090733012702449,-3.32,18.69240376753602,7.496061476930814,3.412734021868134,4.67064692643544,305.02,0.6,0.42342,0.86856
Cc1c(C2CN(C(=O)CC=c3cnc4c(c3)CN(C)CC(=O)N=4)C2)oc2ccccc12,6.950781977329818,416.4810000000002,7,0,3,0,5,31,55,7,2,0.3333333333333333,5,3,2,1,4,2,1,2,0,0,0,0,179.2352710477939,79.01,1.524420000000001,115.713,17.66793531284117,10.48737830657722,6.038065986803017,6.038065986803017,4.346325711128441,-3.32,19.63212860932558,7.739330097743345,3.767123409406846,4.90127496222328,316.12,0.58065,0.41686,0.87927
Cc1c(C2CN(C(=O)CCc3cnc4c(c3)=NCCC(=O)N=4)C2)oc2ccccc12,6.500312917381597,402.4540000000002,7,0,4,0,5,30,52,7,2,0.3478260869565217,5,3,2,1,4,2,1,2,0,0,0,0,172.6954207812383,88.13000000000001,1.86432,109.633,16.79769182483809,10.25062031775172,5.855453138307688,5.855453138307688,4.1129751763108,-3.35,18.66426940487374,7.478933177697347,3.403160233479314,4.652960789653056,305.58,0.6,0.43628,0.86856
Cc1ccc(Oc2coc(/C=C/c3ccoc3)cc2=O)c(C)c1,5.640164517660112,308.3330000000001,4,0,4,0,4,23,39,4,0,0.1052631578947368,3,3,0,0,2,2,0,0,0,0,0,0,133.1899703746637,52.58000000000001,4.812340000000003,88.60400000000003,12.90649585375171,7.199029842657217,3.351832432683887,3.351832432683887,2.156229698359213,-3.01,14.90775562127645,6.399471937204864,3.605830036716394,4.147902771524639,247.4,0.65217,0.2223,0.7473
O=c1cc(COc2ccccc2)n(C2CC2)cc1Oc1cccc(Cl)c1Cl,5.823908740944319,402.2770000000002,4,0,6,0,4,27,44,6,0,0.1904761904761905,4,3,1,1,1,1,0,0,0,0,0,0,166.4242933160449,40.46,5.861300000000004,106.283,15.91191860959244,9.419845625479214,5.13637449993336,5.13637449993336,3.1410478653964,-2.43,17.95770319728237,7.668150007705401,4.123496306719446,5.100087478170821,288.11,0.55556,0.35342,0.82449
O=c1cc(COc2ccccc2)[nH]cc1Oc1c(Cl)cccc1Cl,5.302770657240282,362.2120000000001,4,1,5,1,3,24,37,6,0,0.05555555555555555,3,3,0,0,1,1,0,0,0,0,0,0,148.125326639789,51.32000000000001,5.053000000000003,94.37270000000001,13.97314118252976,7.902019601901999,3.800594586646749,3.800594586646749,2.505896437716137,-2.43,16.42856246722812,7.426435712165357,3.905301642895472,5.08356929192343,262.75,0.625,0.44882,0.77245
Cn1cc(Oc2c(Cl)cccc2Cl)c(=O)cc1COc1ccccc1,6.142667503568732,376.2390000000001,4,0,5,0,4,25,40,6,0,0.1052631578947368,3,3,0,0,1,1,0,0,0,0,0,0,154.7002402407809,40.46,5.063400000000003,98.99300000000001,14.92035477802972,8.292363750304283,4.160637463343492,4.160637463343492,2.7053968080034,-2.43,17.39488397506712,7.636950389884435,4.158594053747905,5.313754638215334,273.85,0.6,0.44082,0.79656
O=c1cc(COc2ccccc2)n(C2CC2)cc1Oc1c(Cl)cccc1Cl,5.191789027075778,402.2770000000002,4,0,6,0,4,27,44,6,0,0.1904761904761905,4,3,1,1,1,1,0,0,0,0,0,0,166.4242933160449,40.46,5.861300000000004,106.283,15.91191860959244,9.419845625479214,4.924949702860347,4.924949702860347,3.293899641046086,-2.43,17.95770319728237,7.668150007705401,4.123496306719446,5.100087478170821,288.11,0.55556,0.41686,0.82626
O=c1cc(COc2ccccc2)[nH]cc1Oc1cccc([N+](=O)[O-])c1Cl,4.930701987884471,372.7640000000001,7,1,6,1,5,26,39,8,0,0.05555555555555555,3,3,0,0,1,1,0,0,0,0,0,0,152.4750361354071,94.46000000000001,4.307800000000002,96.01710000000006,14.10295793992976,7.923828061808248,3.813778683561357,3.813778683561357,2.412381476918279,-3.32,17.50133972875497,7.709073193834152,4.012124431649233,5.189196498428061,271,0.61538,0.39982,0.8024
Cn1cc(Oc2cccc([N+](=O)[O-])c2Cl)c(=O)cc1COc1ccccc1,6.180456064458132,386.7910000000001,7,0,6,0,6,27,42,8,0,0.1052631578947368,3,3,0,0,1,1,0,0,0,0,0,0,159.049949736399,83.60000000000001,4.318200000000003,100.6374,15.05017153542972,8.314172210210533,4.173821560258101,4.173821560258101,2.611881847205543,-3.32,18.47046204908726,7.923242568281903,4.266498778208189,5.420220413450501,282.1,0.59259,0.39347,0.82225
O=c1cc(COc2ccccc2)n(C2CC2)cc1Oc1cccc([N+](=O)[O-])c1Cl,4.753501419204199,412.8290000000002,7,0,7,0,6,29,46,8,0,0.1904761904761905,4,3,1,1,1,1,0,0,0,0,0,0,170.7740028116631,83.6,5.116100000000004,107.9274,16.04173536699244,9.441654085385462,4.938133799774955,4.938133799774955,3.200384680248228,-3.32,19.01634448509888,7.966235314488232,4.245943824788394,5.223747413436836,296.36,0.55172,0.37571,0.84746
COCc1cc(=O)c(Oc2ccc(Cl)cc2)co1,5.283996656365201,266.68,4,0,4,0,4,18,29,5,0,0.1538461538461539,2,2,0,0,1,1,0,0,0,0,0,0,108.7150771643025,48.67,3.231900000000001,67.21700000000003,10.43809497720744,5.60701497531939,2.432289764325559,2.432289764325559,1.486542020967256,-1.78,12.67108664127955,5.708071630310678,3.120674612403003,4.018192787905357,198.37,0.72222,0.46828,0.70595
O=c1cc(COc2ccccc2)occ1Oc1ccc(Cl)cc1Cl,6.167491087293763,363.196,4,0,5,0,4,24,36,6,0,0.05555555555555555,3,3,0,0,1,1,0,0,0,0,0,0,147.7104954828515,48.67,5.317900000000003,92.28800000000003,13.88138947299363,7.797187808790927,3.620878311795953,3.620878311795953,2.383385010428432,-2.43,16.42856246722812,7.426435712165357,4.100196001044762,5.08356929192343,261.29,0.66667,0.37475,0.76455
Cc1cc(Cl)ccc1Oc1coc(COc2ccccc2)cc1=O,6.346787486224656,342.778,4,0,5,0,4,24,39,5,0,0.1052631578947368,3,3,0,0,1,1,0,0,0,0,0,0,143.7721713703665,48.67,4.972920000000004,92.01500000000004,13.74749605396594,7.730241099277084,3.568561171181174,3.568561171181174,2.332323266100157,-2.72,16.14884897438623,7.234607223965028,3.970822632831353,4.867940810367284,258.13,0.66667,0.37475,0.75903
Cc1ccc(Oc2coc(COc3ccccc3)cc2=O)c(C)c1,6.42021640338319,322.3600000000001,4,0,5,0,4,24,42,4,0,0.15,3,3,0,0,1,1,0,0,0,0,0,0,139.8338472578814,48.67,4.627940000000004,91.74200000000003,13.61360263493826,7.663294389763244,3.526919750963639,3.526919750963639,2.292176705611801,-3.01,15.86938455379261,7.044241610553315,3.843124759059233,4.657824125320748,254.97,0.66667,0.37475,0.73864
O=c1cc(COc2ccccc2)occ1Oc1cccc(Cl)c1Cl,5.903089986991944,363.196,4,0,5,0,4,24,36,6,0,0.05555555555555555,3,3,0,0,1,1,0,0,0,0,0,0,147.7104954828515,48.67,5.317900000000003,92.28800000000003,13.88138947299363,7.803170872934634,3.914212775982068,3.914212775982068,2.271605476088866,-2.43,16.42856246722812,7.426435712165357,3.905301642895472,5.08356929192343,261.29,0.625,0.37475,0.76987
O=c1cc(COc2ccccc2)occ1Oc1c(Cl)cccc1Cl,5.847711655616943,363.196,4,0,5,0,4,24,36,6,0,0.05555555555555555,3,3,0,0,1,1,0,0,0,0,0,0,147.7104954828515,48.67,5.317900000000003,92.28800000000003,13.88138947299363,7.803170872934634,3.702787978909053,3.702787978909053,2.424457251738551,-2.43,16.42856246722812,7.426435712165357,3.905301642895472,5.08356929192343,261.29,0.625,0.44926,0.77245
Cc1c(Oc2coc(COc3ccccc3)cc2=O)cccc1[N+](=O)[O-],5.453457336521869,353.3300000000001,7,0,6,0,6,26,41,7,0,0.1052631578947368,3,3,0,0,1,1,0,0,0,0,0,0,148.1218808659847,91.81,4.227720000000003,93.65940000000005,13.87731281136595,7.758032623327042,3.648685195874595,3.648685195874595,2.28957126019112,-3.61,17.22075000491702,7.519360115961137,3.8904743279542,4.980346952073485,266.38,0.61538,0.40028,0.79818
Cc1cc(Cl)ccc1Oc1coc(/C=C/c2ccccc2)cc1=O,5.311580177997289,338.7900000000001,3,0,4,0,3,24,39,4,0,0.05,3,3,0,0,1,1,0,0,0,0,0,0,144.333965223072,39.44,5.564320000000005,96.61100000000003,13.78684152069478,7.794572031380024,3.649863307475646,3.649863307475646,2.390701052674619,-2.78,16.09100801901595,7.195100189918704,3.944264184973693,4.824017285566877,260.87,0.66667,0.27962,0.75903
Cc1cc(Cl)ccc1Oc1coc(/C=C/c2ccoc2)cc1=O,5.610833915635467,328.7510000000001,4,0,4,0,4,23,36,5,0,0.05555555555555555,3,3,0,0,2,2,0,0,0,0,0,0,137.1282944871488,52.58000000000001,5.157320000000004,88.87700000000004,13.04038927277939,7.265976552171057,3.393473852901422,3.393473852901422,2.196376258847569,-2.72,15.18628817498203,6.584547327660077,3.731225936510966,4.347601444332772,250.56,0.65217,0.2223,0.76657
Cc1cc(Cl)ccc1Oc1coc(/C=C/c2ccco2)cc1=O,5.410050398674292,328.7510000000001,4,0,4,0,4,23,36,5,0,0.05555555555555555,3,3,0,0,2,2,0,0,0,0,0,0,137.1282944871488,52.58000000000001,5.157320000000004,88.87700000000004,13.04038927277939,7.279056635745992,3.365290189780461,3.365290189780461,2.198556272776725,-2.72,15.18628817498203,6.584547327660077,3.731225936510966,4.347601444332772,250.56,0.65217,0.23884,0.76657
Cc1cc(Cl)ccc1Oc1coc(/C=C/c2cccnc2)cc1=O,5.531652669587842,339.7780000000001,4,0,4,0,4,24,38,5,0,0.05263157894736842,3,3,0,0,2,2,0,0,0,0,0,0,143.5536132040185,52.33000000000001,4.959320000000004,94.40600000000003,13.65670484700512,7.644303144207681,3.534705341573365,3.534705341573365,2.301106978678483,-2.85,16.02354048393191,7.149088158394384,3.913370238318633,4.77307098038461,259.63,0.66667,0.27962,0.76723
Cc1cc(Cl)ccc1Oc1coc(/C=C/c2ccsc2)cc1=O,5.505845405981558,344.8190000000001,3,0,4,0,4,23,36,5,0,0.05555555555555555,3,3,0,0,2,2,0,0,0,0,0,0,141.9743284934834,39.44,5.625820000000004,94.48800000000003,13.85688585370712,8.20878559375312,4.094939747116916,4.094939747116916,2.824915619902278,-2.3,15.590178346174,6.855370239528704,3.915901376190446,4.646801941882872,256.81,0.65217,0.2223,0.76657
Cc1cc(Cl)ccc1Oc1coc(/C=C/c2cccs2)cc1=O,5.34008379993015,344.8190000000001,3,0,4,0,4,23,36,5,0,0.05555555555555555,3,3,0,0,2,2,0,0,0,0,0,0,141.9743284934835,39.44,5.625820000000004,94.48800000000004,13.85688585370712,8.158709447000888,4.20283884748391,4.20283884748391,2.816569595443573,-2.3,15.590178346174,6.855370239528704,3.915901376190446,4.646801941882872,256.81,0.65217,0.24719,0.76657
Cc1cc(Cl)ccc1Oc1coc(C=Cc2ccc[nH]2)cc1=O,5.235077015350112,327.7670000000001,4,1,4,1,3,23,37,5,0,0.05555555555555555,3,3,0,0,2,2,0,0,0,0,0,0,137.5431256440862,55.23,4.892420000000004,90.96170000000004,13.13214098231553,7.377905364713358,3.459407572460341,3.459407572460341,2.268003935137251,-2.72,15.18628817498203,6.584547327660077,3.731225936510966,4.347601444332772,250.44,0.65217,0.25827,0.76657
CCC=CCc1cc(=O)c(Oc2ccc(Cl)cc2C)co1,5.191114132640188,304.7730000000001,3,0,5,0,3,21,38,4,0,0.2352941176470588,2,2,0,0,1,1,0,0,0,0,0,0,128.3716973601977,39.44,4.902620000000004,84.37600000000005,12.81430373711975,7.183694912374989,3.165666178054695,3.165666178054695,2.058644845035341,-2,15.39,7.135802469135802,4.231404958677686,5.229523809523809,240.89,0.71429,0.41442,0.74882
CC(C)=CCc1cc(=O)c(Oc2ccc(Cl)cc2C)co1,5.238072161579471,304.7730000000001,3,0,4,0,3,21,38,4,0,0.2352941176470588,2,2,0,0,1,1,0,0,0,0,0,0,128.3716973601977,39.44,4.902620000000004,84.37600000000005,13.02984668674357,7.023681641986057,3.155756483874584,3.155756483874584,1.997207317856372,-2,15.39,6.635204081632653,4.231404958677686,4.862656705539359,237.6,0.66667,0.41346,0.75255
O=c1cc(/C=C/c2ccccc2)occ1Oc1ccc(Cl)cc1Cl,5.343901797987168,359.2080000000001,3,0,4,0,3,24,36,5,0,0,3,3,0,0,1,1,0,0,0,0,0,0,148.272289335557,39.44,5.909300000000003,96.88400000000003,13.92073493972247,7.861518740893867,3.702180448090428,3.702180448090428,2.441762797002894,-2.49,16.37067070837482,7.38662854795832,4.073292715483121,5.038502650154436,264.03,0.66667,0.27962,0.76455
O=c1cc(/C=C/c2ccoc2)occ1Oc1ccc(Cl)cc1Cl,5.723538195826756,349.169,4,0,4,0,4,23,33,6,0,0,3,3,0,0,2,2,0,0,0,0,0,0,141.0666185996339,52.58,5.502300000000003,89.15000000000002,13.17428269180708,7.332923261684899,3.445790993516201,3.445790993516201,2.247438003175846,-2.43,15.4651032862071,6.771197313159116,3.858355571700812,4.552924600838859,253.72,0.65217,0.2223,0.77181
O=c1cc(/C=C/c2cccnc2)occ1Oc1ccc(Cl)cc1Cl,5.690369832574102,360.196,4,0,4,0,4,24,35,6,0,0,3,3,0,0,2,2,0,0,0,0,0,0,147.4919373165035,52.33,5.304300000000002,94.67900000000003,13.7905982660328,7.711249853721522,3.587022482188145,3.587022482188145,2.352168723006759,-2.56,16.30314342624841,7.34026470190248,4.041995262791784,4.986224509239362,262.79,0.66667,0.27962,0.77245
Cc1ccc(Oc2coc(/C=C/c3ccccc3)cc2=O)c(C)c1,5.273272790973428,318.3720000000001,3,0,4,0,3,24,42,3,0,0.09523809523809523,3,3,0,0,1,1,0,0,0,0,0,0,140.3956411105869,39.44,5.219340000000004,96.33800000000005,13.6529481016671,7.727625321866185,3.608221887258111,3.608221887258111,2.350554492186264,-3.07,15.81159625732881,7.005041129451572,3.816915738906723,4.615036754369618,257.71,0.66667,0.27962,0.73864
Cc1ccc(Oc2coc(/C=C/c3cccnc3)cc2=O)c(C)c1,5.458420756053419,319.3600000000001,4,0,4,0,4,24,41,4,0,0.1,3,3,0,0,2,2,0,0,0,0,0,0,139.6152890915334,52.33000000000001,4.614340000000004,94.13300000000004,13.52281142797743,7.577356434693842,3.49306392135583,3.49306392135583,2.260960418190127,-3.14,15.7441906572702,6.959388449702855,3.786430665885541,4.565414108755243,256.47,0.66667,0.27962,0.74806
O=c1cc(/C=C/c2ccccc2)occ1Oc1cccc(Cl)c1Cl,5.171984935776023,359.2080000000001,3,0,4,0,3,24,36,5,0,0,3,3,0,0,1,1,0,0,0,0,0,0,148.272289335557,39.44,5.909300000000003,96.88400000000003,13.92073493972247,7.867501805037574,3.995514912276543,3.995514912276543,2.329983262663328,-2.49,16.37067070837482,7.38662854795832,3.879400702846027,5.038502650154436,264.03,0.625,0.27962,0.76987
O=c1cc(/C=C/c2ccoc2)occ1Oc1cccc(Cl)c1Cl,5.245651664288981,349.1690000000001,4,0,4,0,4,23,33,6,0,0,3,3,0,0,2,2,0,0,0,0,0,0,141.0666185996339,52.58,5.502300000000003,89.15000000000002,13.17428269180708,7.338906325828606,3.739125457702316,3.739125457702316,2.13565846883628,-2.43,15.4651032862071,6.771197313159116,3.670492434375347,4.552924600838859,253.72,0.6087,0.2223,0.77687
O=c1cc(/C=C/c2cccnc2)occ1Oc1cccc(Cl)c1Cl,5.46344155742847,360.196,4,0,4,0,4,24,35,6,0,0,3,3,0,0,2,2,0,0,0,0,0,0,147.4919373165035,52.33,5.304300000000002,94.67900000000003,13.7905982660328,7.717232917865229,3.88035694637426,3.88035694637426,2.240389188667192,-2.56,16.30314342624841,7.34026470190248,3.849271999522966,4.986224509239362,262.79,0.625,0.27962,0.77749
O=c1cc(/C=C/c2ccccc2)occ1Oc1c(Cl)cccc1Cl,5.319664486585437,359.2080000000001,3,0,4,0,3,24,36,5,0,0,3,3,0,0,1,1,0,0,0,0,0,0,148.272289335557,39.44,5.909300000000003,96.884,13.92073493972247,7.867501805037574,3.784090115203527,3.784090115203527,2.482835038313013,-2.49,16.37067070837482,7.38662854795832,3.879400702846027,5.038502650154436,264.03,0.625,0.36657,0.77245
O=c1cc(/C=C/c2ccoc2)occ1Oc1c(Cl)cccc1Cl,5.385102783966865,349.169,4,0,4,0,4,23,33,6,0,0,3,3,0,0,2,2,0,0,0,0,0,0,141.0666185996339,52.58,5.502300000000003,89.15000000000002,13.17428269180708,7.338906325828606,3.5277006606293,3.5277006606293,2.288510244485965,-2.43,15.4651032862071,6.771197313159116,3.670492434375347,4.552924600838859,253.72,0.6087,0.32712,0.77933
O=c1cc(/C=C/c2cccnc2)occ1Oc1c(Cl)cccc1Cl,5.42712839779952,360.196,4,0,4,0,4,24,35,6,0,0,3,3,0,0,2,2,0,0,0,0,0,0,147.4919373165035,52.33,5.304300000000003,94.679,13.7905982660328,7.717232917865229,3.668932149301245,3.668932149301245,2.393240964316878,-2.56,16.30314342624841,7.34026470190248,3.849271999522966,4.986224509239362,262.79,0.625,0.36657,0.77994
O=c1cc(COc2ccccc2)[nH]cc1Oc1ccc(Cl)cc1Cl,5.739928612014925,362.2120000000001,4,1,5,1,3,24,37,6,0,0.05555555555555555,3,3,0,0,1,1,0,0,0,0,0,0,148.125326639789,51.32000000000001,5.053000000000003,94.37270000000004,13.97314118252976,7.896036537758292,3.718684919533649,3.718684919533649,2.464824196406017,-2.43,16.42856246722812,7.426435712165357,4.100196001044762,5.08356929192343,262.75,0.66667,0.37426,0.76455
Cn1cc(Oc2ccc(Cl)cc2Cl)c(=O)cc1COc1ccccc1,6.920818753952375,376.2390000000001,4,0,5,0,4,25,40,6,0,0.1052631578947368,3,3,0,0,1,1,0,0,0,0,0,0,154.7002402407809,40.46,5.063400000000003,98.99300000000001,14.92035477802972,8.286380686160575,4.078727796230392,4.078727796230392,2.66432456669328,-2.43,17.39488397506712,7.636950389884435,4.351677238946412,5.313754638215334,273.85,0.64,0.36764,0.78992
O=c1cc(COc2ccccc2)n(C2CC2)cc1Oc1ccc(Cl)cc1Cl,6.318758762624412,402.2770000000002,4,0,6,0,4,27,44,6,0,0.1904761904761905,4,3,1,1,1,1,0,0,0,0,0,0,166.4242933160449,40.46,5.861300000000004,106.283,15.91191860959244,9.413862561335506,4.843040035747246,4.843040035747246,3.252827399735966,-2.43,17.95770319728237,7.668150007705401,4.288189464310928,5.100087478170821,288.11,0.59259,0.35342,0.82089
CCCCn1cc(Oc2ccc(Cl)cc2Cl)c(=O)cc1COc1ccccc1,5.903089986991944,418.3200000000002,4,0,8,0,4,28,49,6,0,0.2272727272727273,3,3,0,0,1,1,0,0,0,0,0,0,173.7950665839707,40.46,6.326500000000005,112.92,17.04167512158936,9.862501637864007,4.709362725535122,4.709362725535122,3.128783514522671,-2.43,20.30801655534651,9.670344178755595,5.305867468403114,7.013768202788119,315.13,0.57143,0.39463,0.81339
O=c1cc(COc2ccccc2)n(Cc2ccccc2)cc1Oc1ccc(Cl)cc1Cl,5.847711655616943,452.3370000000002,4,0,7,0,4,31,50,6,0,0.08,4,4,0,0,1,1,0,0,0,0,0,0,189.757334446845,40.46,6.574700000000004,123.556,18.0142129051644,10.41963184979369,5.152535490519136,5.152535490519136,3.519474177840857,-3.21,21.03849146767471,9.731747336855634,5.484324787726729,6.604557526193656,335.11,0.51613,0.38875,0.82538
Cc1cc(Cl)ccc1Oc1c[nH]c(COc2ccccc2)cc1=O,6.397940008672037,341.794,4,1,5,1,3,24,40,5,0,0.1052631578947368,3,3,0,0,1,1,0,0,0,0,0,0,144.187002527304,51.32,4.708020000000004,94.09970000000004,13.83924776350208,7.82908982824445,3.666367778918869,3.666367778918869,2.413762452077742,-2.72,16.14884897438623,7.234607223965028,3.970822632831353,4.867940810367284,259.59,0.66667,0.37426,0.75903
Cc1cc(Cl)ccc1Oc1cn(C)c(COc2ccccc2)cc1=O,6.958607314841775,355.821,4,0,5,0,4,25,43,5,0,0.15,3,3,0,0,1,1,0,0,0,0,0,0,150.7619161282959,40.46,4.718420000000004,98.72000000000004,14.78646135900204,8.219433976646734,4.026410655615614,4.026410655615614,2.613262822365005,-2.72,17.11437599233544,7.447763861071362,4.222903707449408,5.098553240820129,270.69,0.64,0.36764,0.78531
Cc1cc(Cl)ccc1Oc1cn(C2CC2)c(COc2ccccc2)cc1=O,6.327902142064283,381.8590000000001,4,0,6,0,4,27,47,5,0,0.2272727272727273,4,3,1,1,1,1,0,0,0,0,0,0,162.4859692035598,40.46,5.516320000000004,106.01,15.77802519056476,9.346915851821663,4.790722895132471,4.790722895132471,3.201765655407691,-2.72,17.68177673050628,7.489802929305919,4.1699964494772,4.904926783388116,284.95,0.59259,0.35342,0.81719
CCCCn1cc(Oc2ccc(Cl)cc2C)c(=O)cc1COc1ccccc1,6.200659450546418,397.9020000000002,4,0,8,0,4,28,52,5,0,0.2608695652173913,3,3,0,0,1,1,0,0,0,0,0,0,169.8567424714857,40.46,5.981520000000006,112.647,16.90778170256168,9.795554928350166,4.657045584920344,4.657045584920344,3.077721770194394,-2.72,20.02560762291346,9.46809979922268,5.16961752858014,6.771587554064967,311.97,0.57143,0.39463,0.80949
Cc1cc(Cl)ccc1Oc1cn(Cc2ccccc2)c(COc2ccccc2)cc1=O,6.187086643357144,431.9190000000002,4,0,7,0,4,31,53,5,0,0.1153846153846154,4,4,0,0,1,1,0,0,0,0,0,0,185.8190103343599,40.46,6.229720000000006,123.283,17.88031948613672,10.35268514027985,5.10021834990436,5.10021834990436,3.468412433512582,-3.5,20.75987637731793,9.54,5.355315209157478,6.388684536761709,331.95,0.51613,0.38875,0.8218
Cc1ccc(Oc2c[nH]c(COc3ccccc3)cc2=O)c(C)c1,5.943095148663527,321.3760000000001,4,1,5,1,3,24,43,4,0,0.15,3,3,0,0,1,1,0,0,0,0,0,0,140.2486784148189,51.32,4.363040000000002,93.82670000000005,13.7053543444744,7.762143118730609,3.624726358701334,3.624726358701334,2.373615891589387,-3.01,15.86938455379261,7.044241610553315,3.843124759059233,4.657824125320748,256.43,0.66667,0.37426,0.73864
Cc1ccc(Oc2cn(C)c(COc3ccccc3)cc2=O)c(C)c1,7.096910013008056,335.4030000000001,4,0,5,0,4,25,46,4,0,0.1904761904761905,3,3,0,0,1,1,0,0,0,0,0,0,146.8235920158108,40.46,4.373440000000003,98.44700000000005,14.65256793997436,8.152487267132894,3.984769235398079,3.984769235398079,2.573116261876649,-3.01,16.83408867735463,7.259984569644379,4.095693772890919,4.888608961664789,267.53,0.64,0.36764,0.76455
Cc1ccc(Oc2cn(C3CC3)c(COc3ccccc3)cc2=O)c(C)c1,5.498940737782249,361.4410000000001,4,0,6,0,4,27,50,4,0,0.2608695652173913,4,3,1,1,1,1,0,0,0,0,0,0,158.5476450910748,40.46,5.171340000000005,105.7370000000001,15.64413177153708,9.279969142307824,4.749081474914936,4.749081474914936,3.161619094919336,-3.01,17.40613796006123,7.31278760161111,4.053195715758475,4.714347772824752,281.79,0.59259,0.35342,0.79656
CCCCn1cc(Oc2ccc(C)cc2C)c(=O)cc1COc1ccccc1,6,377.4840000000001,4,0,8,0,4,28,55,4,0,0.2916666666666667,3,3,0,0,1,1,0,0,0,0,0,0,165.9184183590006,40.46,5.636540000000005,112.374,16.773888283534,9.728608218836325,4.615404164702809,4.615404164702809,3.037575209706038,-3.01,19.74335629226638,9.267007785288778,5.034757296234828,6.534351302434383,308.81,0.57143,0.39463,0.78878
Cc1ccc(Oc2cn(Cc3ccccc3)c(COc3ccccc3)cc2=O)c(C)c1,5.570247719997592,411.5010000000001,4,0,7,0,4,31,56,4,0,0.1481481481481481,4,4,0,0,1,1,0,0,0,0,0,0,181.8806862218748,40.46,5.884740000000005,123.01,17.74642606710903,10.28573843076601,5.058576929686825,5.058576929686825,3.428265873024226,-3.79,20.48147044505081,9.349362696226564,5.22754506317895,6.17705470138145,328.79,0.51613,0.38875,0.80291
O=c1cc(COc2ccccc2)[nH]cc1Oc1cccc(Cl)c1Cl,6.075720713938118,362.2120000000001,4,1,5,1,3,24,37,6,0,0.05555555555555555,3,3,0,0,1,1,0,0,0,0,0,0,148.125326639789,51.32000000000001,5.053000000000002,94.37270000000004,13.97314118252976,7.902019601901999,4.012019383719764,4.012019383719764,2.353044662066451,-2.43,16.42856246722812,7.426435712165357,3.905301642895472,5.08356929192343,262.75,0.625,0.37426,0.76987
Cn1cc(Oc2cccc(Cl)c2Cl)c(=O)cc1COc1ccccc1,6.657577319177793,376.2390000000001,4,0,5,0,4,25,40,6,0,0.1052631578947368,3,3,0,0,1,1,0,0,0,0,0,0,154.7002402407809,40.46,5.063400000000003,98.99300000000001,14.92035477802972,8.292363750304283,4.372062260416509,4.372062260416509,2.552545032353715,-2.43,17.39488397506712,7.636950389884435,4.158594053747905,5.313754638215334,273.85,0.6,0.36764,0.79438
O=C1CCc2cc(=CCC(=O)N3CCCC3)cnc2=N1,5.259637310505756,271.3199999999999,5,0,2,0,3,20,37,5,2,0.4666666666666667,3,1,2,1,3,1,1,2,0,0,0,0,116.5774072613179,62.63,-0.033,73.24200000000002,11.33993564330231,7.066938903867553,3.773975078964252,3.773975078964252,2.634278384228299,-2.04,12.96692366697322,5.526081526644441,2.762210093776177,3.582813866673466,212.27,0.65,0.428,0.75032
CC(C)(C)OC(=O)N1CCC(COc2ccc(F)cc2)CC1,6.602059991327963,309.381,4,0,3,0,3,22,46,5,1,0.5882352941176471,2,1,1,1,1,0,1,1,0,0,0,0,130.7539168565175,38.77,3.851600000000003,82.42600000000004,13.47220819178164,7.696328358248316,3.565565382841823,3.565565382841823,2.353582064213414,-1.78,16.58811963177377,6.986524857859043,5.204315234994053,5.267877734205774,242.65,0.68182,0.51021,0.63466
CS(=O)(=O)OC1CN(C(c2ccccc2)c2ccccc2)C1,6,317.4100000000001,4,0,5,0,4,22,41,5,0,0.2941176470588235,3,2,1,1,1,0,1,1,0,0,0,0,131.0151579015697,46.61000000000001,2.436400000000001,86.01680000000006,13.23912013093175,9.06631560873121,4.404682258953506,4.404682258953506,3.489368147183051,-1.69,15.21511819415952,6.201332908211529,3.55039270393168,4.288818779989517,233.18,0.5,0.52377,0.65205
O=C1CCc2cc(=CCC(=O)N3CCCC3c3ccccc3)cnc2=N1,5.148741651280925,347.418,5,0,3,0,3,26,47,5,2,0.3333333333333333,4,2,2,1,3,1,1,2,0,0,1,1,151.6345014673819,62.63,1.7083,97.55800000000004,14.59693047725352,9.116517055179509,5.072698536068506,5.072698536068506,3.742868730176121,-2.82,16.63785100622651,7.197715598424829,3.425365865824443,4.605943065837875,270.77,0.61538,0.4614,0.80949
CCCC1CCN(C(=O)CC=c2cnc3c(c2)CCC(=O)N=3)CC1,7.387216143280265,327.4280000000001,5,0,4,0,3,24,49,5,2,0.5789473684210527,3,1,2,1,3,1,1,2,0,0,0,0,142.0371757189043,62.63,1.3833,91.64000000000004,14.33149947486504,8.99879055644569,4.979366208680976,4.979366208680976,3.547033900454747,-2.04,16.80510634028333,7.686664860024509,4.075362490582979,5.38230084895129,264.55,0.70833,0.49397,0.76523
CC(C)(C)OC(=O)N1CCCC(COc2ccc(F)cc2)C1,5.886056647693163,309.381,4,0,3,0,3,22,46,5,1,0.5882352941176471,2,1,1,1,1,0,1,1,0,0,1,1,130.7539168565175,38.77,3.851600000000003,82.42600000000004,13.47220819178164,7.696328358248316,3.47002437652601,3.47002437652601,2.438309280766108,-1.78,16.58811963177377,6.986524857859043,5.204315234994053,5.267877734205774,242.65,0.63636,0.51128,0.68629
O=C1CCc2cc(=CCC(=O)N3CCC(Oc4ccccc4)C3)cnc2=N1,6.920818753952375,363.417,6,0,4,0,4,27,48,6,2,0.3333333333333333,4,2,2,1,3,1,1,2,0,0,1,1,156.7480466968888,71.86,1.0245,99.48300000000005,15.00517876771739,9.233945492945683,4.858880928606508,4.858880928606508,3.410182607774074,-3.02,17.39663841266161,7.696539094742637,4.216221615942774,4.95903361704265,280.77,0.66667,0.44858,0.79438
Cc1nc(C2CC(C(=O)CC=c3cnc4c(c3)CCC(=O)N=4)C2)no1,6.823908740944319,338.3670000000001,7,0,4,0,6,25,43,7,1,0.4444444444444444,4,2,2,1,3,2,0,1,0,0,0,0,143.4245914433143,98.31,0.7989199999999996,86.93500000000003,13.93588450527229,8.478738729445901,4.843613497135636,4.843613497135636,3.290939785107951,-2.7,15.80603821337624,6.308905404336985,3.264377553497444,3.988751996221051,258.68,0.68,0.44821,0.80343
O=C1CCc2cc(=CCC(=O)N3CC(OCc4cccs4)C3)cnc2=N1,7.886056647693163,369.446,6,0,5,0,5,26,45,7,2,0.3684210526315789,4,2,2,1,4,2,1,2,0,0,0,0,154.3884099673002,71.86,0.8336999999999997,96.90400000000004,15.07522310072972,9.5361872885227,5.407252406522788,5.407252406522788,3.634769495042407,-2.38,17.0548927301967,7.470787739732593,3.888688023085875,4.900518596584925,276.71,0.69231,0.48042,0.77687
Cc1nc(C2CCCCN2C(=O)CC=c2cnc3c(c2)CCC(=O)N=3)no1,5.387216143280265,367.4090000000001,8,0,3,0,6,27,48,8,2,0.4736842105263158,4,2,2,1,4,2,1,2,0,0,1,1,155.5493672279142,101.55,0.7898199999999997,94.76800000000004,15.21996139395572,9.263352176973475,4.979678418343212,4.979678418343212,3.60471628795529,-2.9,17.51065617298239,7.379773156899812,3.788797933989339,4.786098903151016,284,0.59259,0.45918,0.85083
O=C1CCc2cc(=CCC(=O)N3CCC(O)(c4ccccc4)CC3)cnc2=N1,6.468521082957745,377.4440000000001,6,1,3,1,4,28,51,6,2,0.3636363636363636,4,2,2,1,3,1,1,2,0,0,0,0,162.7936773339745,82.86,0.8547999999999998,103.5808,15.6739005847504,9.658336085327035,5.56965110272673,5.56965110272673,3.830851316279736,-2.86,18.50084730171864,7.637221742327147,3.869742657088049,5.046252616577148,288.79,0.64286,0.46053,0.8085
CCCCCOC1CN(C(=O)CC=c2cnc3c(c2)CCC(=O)N=3)C1,7.602059991327963,343.4270000000001,6,0,7,0,4,25,50,6,2,0.5789473684210527,3,1,2,1,3,1,1,2,0,0,0,0,147.1507209484112,71.86,0.7622000000000002,93.27300000000005,14.7397477653289,9.114919660972156,4.617400261493914,4.617400261493914,3.016996647333569,-2.08,17.73371142068745,8.337814391242437,4.721715235176045,5.914415771741928,274.55,0.76,0.504,0.76657
O=C1CCc2cc(=CCC(=O)N3CCC(Oc4cccnc4)C3)cnc2=N1,6.031517051446065,364.405,7,0,4,0,5,27,47,7,2,0.35,4,2,2,1,4,2,1,2,0,0,1,1,155.9676946778353,84.75,0.4194999999999998,97.27800000000003,14.87504209402772,9.08367660577334,4.750075654244664,4.750075654244664,3.327923990119841,-3.09,17.330151485587,7.652481272719595,4.18733617603064,4.911802210994376,279.53,0.66667,0.44858,0.80395
O=C1CCc2cc(=CCC(=O)N3CCCCC3c3nc4ccccc4o3)cnc2=N1,5.744727494896694,402.4540000000001,7,0,3,0,5,30,52,7,2,0.3478260869565217,5,3,2,1,4,2,1,2,0,0,1,1,172.695085358537,88.66000000000001,2.2396,109.742,16.58214887521426,10.38864561,5.733840086164181,5.733840086164181,4.175273199268217,-3.35,18.66426940487374,7.817687212599174,3.627547032176119,4.863714008632913,307.58,0.56667,0.42624,0.87433
C=C(C)COC1CN(C(=O)CC=c2cnc3c(c2)CCC(=O)N=3)C1,6.769551078621726,327.3840000000001,6,0,5,0,4,24,45,6,2,0.4444444444444444,3,1,2,1,3,1,1,2,0,0,0,0,140.0961758018303,71.86,0.1480999999999999,88.56200000000003,13.8255342029558,8.114919660972156,4.081391146652181,4.081391146652181,2.675044603347574,-2.34,16.51541937092753,7.048052345481309,3.944284755844181,4.850064176411384,256.02,0.70833,0.50128,0.7679
O=C1CCc2cc(=CCC(=O)N3CC(OCc4nccs4)C3)cnc2=N1,7.244125144327509,370.434,7,0,5,0,6,26,44,8,2,0.3888888888888889,4,2,2,1,4,2,1,2,0,0,0,0,153.6080579482467,84.75,0.2286999999999997,94.69900000000003,14.94508642704005,9.395984508091697,5.195066713723582,5.195066713723582,3.464923108951808,-2.45,16.98849681338908,7.427133196572348,3.860934717518649,4.852916486253293,275.47,0.69231,0.44732,0.77687
CC(Cc1ncccn1)=NOC1CN(C(=O)CC=c2cnc3c(c2)CCC(=O)N=3)C1,6.060480747381382,406.4460000000002,9,0,6,0,7,30,52,9,2,0.3809523809523809,4,2,2,1,4,2,1,2,0,0,0,0,172.7665878729131,110,-0.0194,107.726,16.69211901583801,9.862703551623323,4.906764105680743,4.906764105680743,3.223052097720091,-3.49,19.81035353218117,8.89388714488665,4.913201015370073,5.873034953850864,313.52,0.7,0.47892,0.78175
N=c1ccc(C=CC(=O)N2CC(OCc3ccncc3)C2)c[nH]1,5.744727494896694,310.357,6,2,5,2,4,23,41,6,1,0.2352941176470588,3,2,1,1,3,2,1,1,0,0,0,0,133.5072059015356,82.07,1.32997,85.07540000000003,12.60574680738355,7.413746031113075,3.649923257808129,3.649923257808129,2.230045561327342,-2.73,15.17667883986564,7.019949169073973,4.137591435862521,4.632152783096407,246.33,0.73913,0.38645,0.64904
CC(=O)N=c1ccc(C=CC(=O)N2CC(OCc3ccncc3)C2)c[nH]1,6.585026652029182,352.394,7,1,5,1,4,26,46,7,2,0.2631578947368421,3,2,1,1,3,2,1,1,0,0,0,0,150.6085837169679,87.65,1.2977,95.46470000000004,14.46120869334737,8.315083771844964,3.911404829720914,3.911404829720914,2.461005333461512,-3.06,17.75308211077878,8.351534931656929,4.967424885011703,5.702518668951642,279,0.73077,0.37684,0.68861
COC(=O)C1Cc2cc(=CCC(=O)N3CCC(COc4ccc(F)cc4)CC3)cnc2=NC1=O,7.221848749616356,467.4970000000002,8,0,6,0,6,34,60,9,2,0.4,4,2,2,1,3,1,1,2,0,0,1,1,195.6484178869521,98.16,1.200399999999999,119.516,18.90674660284088,11.24337424662436,6.166907875673851,6.166907875673851,4.128222050421495,-3.62,23.53524305516914,10.5411128048536,5.647100417984913,7.296695645123093,353.39,0.64706,0.49342,0.84127
O=C1N=c2ncc(=CCC(=O)N3CCC(COc4ccc(F)cc4)CC3)cc2CC1CO,7.09151498112135,439.4870000000002,7,1,6,1,5,32,58,8,2,0.4166666666666667,4,2,2,1,3,1,1,2,0,0,1,1,184.8026421952009,92.09,1.019699999999999,114.5858,17.74457039859966,10.86267858758252,5.995012786466076,5.995012786466076,4.003369220477724,-3.13,22.07784064616127,9.994479062387049,5.369743724642886,6.895516127524269,333.49,0.65625,0.48645,0.82043
COC(=O)c1cc2cc(C=CC(=O)N3CCC(COc4ccc(F)cc4)CC3)cnc2[nH]c1=O,6.259637310505756,465.4810000000002,8,1,6,1,6,34,58,9,1,0.28,4,3,1,1,3,2,1,1,0,0,0,0,194.5654127241131,101.59,3.179600000000001,123.9362000000001,18.62266971415746,10.89456575693827,5.763936672360705,5.763936672360705,3.799760125922913,-4.01,23.15838477237033,10.2859195268281,5.481398806074585,7.00603770999772,350.91,0.64706,0.39675,0.85231
NC(=O)C1Cc2cc(=CCC(=O)N3CCC(COc4ccc(F)cc4)CC3)cnc2=NC1=O,7.107905397309519,452.4860000000002,8,2,6,1,5,33,58,9,3,0.375,4,2,2,1,3,1,1,2,0,0,1,1,189.5098212400613,114.95,0.5126999999999995,116.6944,18.07584858156665,10.91967694552338,6.024648977241638,6.024648977241638,4.024101965867509,-3.62,22.56954921120832,9.890489588510906,5.601206537385701,6.764360348207284,339.65,0.63636,0.47927,0.82582
O=C1CCc2cc(=CCC(=O)N3CCCC(COc4ccc(F)cc4)C3)cnc2=N1,5.886056647693163,409.4610000000001,6,0,5,0,4,30,54,7,2,0.391304347826087,4,2,2,1,3,1,1,2,0,0,1,1,173.6434663286082,71.86,1.8013,108.627,16.72000653391008,10.29483249663642,5.486241804986117,5.486241804986117,3.840270767729254,-3.09,20.19369059032665,9.153338986218834,5.086948685359193,6.161323178535912,314.64,0.66667,0.48462,0.808
Cc1nc(C2CN(C(=O)CC=c3cnc4c(c3)CCC(=O)N=4)C2)no1,6.823908740944319,339.3550000000001,8,0,3,0,6,25,42,8,2,0.4117647058823529,4,2,2,1,4,2,1,2,0,0,0,0,142.819482999121,101.55,-0.33798,85.78400000000002,13.80574783158262,8.229629343707016,4.45788886492422,4.45788886492422,2.994048980114886,-2.9,15.61743623117093,6.193366075515291,3.192906533488745,3.868979989626297,256.48,0.68,0.45849,0.80343
CC(=O)N=c1ccc(C=CC(=O)N2CCC(c3ccc4c(c3)OCO4)C2)c[nH]1,5.958607314841775,379.4160000000001,7,1,3,1,4,28,49,7,2,0.2857142857142857,4,2,2,1,3,1,1,2,0,0,1,1,161.8615919263957,83.99000000000001,2.2199,102.5737,15.55199990030819,9.189045836871633,4.884584947279815,4.884584947279815,3.444001987743114,-3.35,18.03387032428738,7.717580611561757,3.97963604722755,4.970637427362115,290.5,0.64286,0.33099,0.79818
COc1ccccc1C1CCN(C(=O)Cc2ccccc2Cl)C1,6.301029995663981,329.827,3,0,4,0,2,23,43,4,1,0.3157894736842105,3,2,1,1,1,0,1,1,0,0,1,1,141.3754281994437,29.54,3.907200000000003,92.08800000000005,13.92218314290819,8.206484655313561,4.7879515916021,4.7879515916021,3.363373873411341,-2,15.87901701323251,7.05078125,3.504597079502434,4.867803279362209,252.79,0.56522,0.43319,0.77052
O=C(Cc1c(F)cccc1F)N1CCC(c2ccccc2)C1,5.721246399047171,301.336,2,0,3,0,1,22,39,4,1,0.2777777777777778,3,2,1,1,1,0,1,1,0,0,1,1,127.924745434511,20.31,3.523400000000002,80.44200000000005,12.1359703794351,7.405129983113151,4.201625555948675,4.201625555948675,2.948322395377305,-2.23,14.69665016503391,6.260141297003812,3.006575610448101,4.181959392079395,227.81,0.59091,0.51825,0.73864
O=C(Cc1ccccc1Cl)N1CCC(c2nccs2)C1,5.221848749616356,306.818,3,0,3,0,3,20,35,5,1,0.3333333333333333,3,2,1,1,2,1,1,1,0,0,1,1,126.7569521068982,33.2,3.355100000000002,81.20800000000004,12.53119278095662,7.901380188140957,4.947895518830734,4.947895518830734,3.511188942238519,-1.39,13.5865471884806,5.935576480140485,2.861335425126444,4.032199496913213,225.23,0.6,0.51834,0.74499
O=C(Cc1ccccc1Cl)N1CCC(c2ccccc2)C1,4.97061622231479,299.801,2,0,3,0,1,21,39,3,1,0.2777777777777778,3,2,1,1,1,0,1,1,0,0,1,1,129.8969408555402,20.31,3.898600000000003,85.53600000000006,12.59128512163395,7.677445552951099,4.480176904382818,4.480176904382818,3.103110531353737,-1.8,14.15051619793521,6.314843310189529,3.273216194731503,4.255156788012367,230.53,0.61905,0.51952,0.71485
O=C(Cc1c(F)cccc1F)N1CCC(c2ccc3c(c2)OCO3)C1,5.638272163982407,345.3450000000001,4,0,3,0,3,25,42,6,1,0.3157894736842105,4,2,2,1,2,0,1,2,0,0,1,1,143.5109468543922,38.77,3.252100000000002,86.56500000000005,13.50487320317012,8.218078811956268,4.798678712451184,4.798678712451184,3.390181962645838,-2.63,15.87208914373927,6.349512528634635,3.038397794531455,4.031201154951131,248.07,0.56,0.46921,0.80548
CC(=O)N=c1ccc(C=CC(=O)N2CCC(c3nccs3)C2)c[nH]1,5.346787486224656,342.424,6,1,3,1,4,24,42,7,2,0.2941176470588235,3,2,1,1,3,2,1,1,0,0,1,1,143.1354017578725,78.42,1.9477,92.12270000000002,14.12300473589584,8.600031643218376,4.755250405225223,4.755250405225223,3.410220831359362,-2.54,16.32243548904049,7.353502937783229,4.050927516946124,5.001128221684855,264.94,0.66667,0.30544,0.75903
COc1ccc(C2CCN(C(=O)Cc3ccccc3Cl)C2)cc1,4.903089986991944,329.827,3,0,4,0,2,23,43,4,1,0.3157894736842105,3,2,1,1,1,0,1,1,0,0,1,1,141.3754281994437,29.54,3.907200000000003,92.08800000000004,13.92218314290819,8.200501591169854,4.796406372710732,4.796406372710732,3.253982003492745,-2,15.87901701323251,7.05078125,3.673469387755102,4.867803279362209,252.79,0.65217,0.52246,0.73199
CC(=O)N=c1ccc(C=CC(=O)N2CCC(c3ccccc3)C2)c[nH]1,5.920818753952375,335.407,5,1,3,1,2,25,46,5,2,0.25,3,2,1,1,2,1,1,1,0,0,1,1,146.2753905065145,65.53,2.4912,96.45070000000004,14.18309707657317,8.376097008028518,4.287531790777306,4.287531790777306,3.002142420474581,-2.95,16.89206067574051,7.747077961462143,4.533313329604581,5.234564439388424,270.24,0.68,0.32719,0.7268
COc1ccccc1C1CCN(C(=O)Cc2ccccc2F)C1,5.337242168318426,313.372,3,0,4,0,2,23,43,4,1,0.3157894736842105,3,2,1,1,1,0,1,1,0,0,1,1,135.2376973754883,29.54,3.392900000000003,87.03600000000004,13.16625419688974,7.828520182304334,4.419223867858149,4.419223867858149,3.160825187353033,-2.36,15.53244465532096,6.816482904227554,3.3612766069788,4.603332324080693,243.72,0.56522,0.43319,0.77052
O=C(Cc1c(F)cccc1Cl)N1CCC(c2ccc3c(c2)OCO3)C1,5.744727494896694,361.8000000000001,4,0,3,0,3,25,42,6,1,0.3157894736842105,4,2,2,1,2,0,1,2,0,0,1,1,149.6486776783476,38.77,3.766400000000003,91.61700000000005,14.26080214918858,8.596043284965495,5.152788609329445,5.152788609329445,3.620005328142559,-2.27,16.21210156927246,6.559711210591473,3.161032346909441,4.253868176448168,257.14,0.56,0.46921,0.81047
COc1ccccc1C1CCN(C(=O)Cc2cccc(F)c2F)C1,5.522878745280337,331.362,3,0,4,0,2,24,43,5,1,0.3157894736842105,3,2,1,1,1,0,1,1,0,0,1,1,139.4032327784145,29.54,3.532000000000003,86.99400000000004,13.46686840070934,7.934169085475614,4.4929575831429,4.4929575831429,3.204052093470719,-2.43,16.42856246722812,6.990580811005047,3.249799563223959,4.78521639732511,250.07,0.54167,0.44684,0.78763
O=C(Cc1ccccc1F)N1CCC(c2ccccc2)C1,5.301029995663981,283.346,2,0,3,0,1,21,39,3,1,0.2777777777777778,3,2,1,1,1,0,1,1,0,0,1,1,123.7592100315848,20.31,3.384300000000002,80.48400000000005,11.8353561756155,7.299481079941871,4.111449180638865,4.111449180638865,2.900561845295429,-2.16,13.80623207253142,6.082589561038855,3.12610059491617,3.998935384840926,221.46,0.61905,0.51952,0.71485
Nc1ccc(Cn2c3c(c4ccccc42)CCN(C(=O)c2ccc(O)cc2)C3)cc1,6.173925197299173,397.4780000000001,5,3,3,2,4,30,53,5,1,0.16,5,4,1,0,2,1,0,1,0,0,0,0,174.5207476088795,71.49,4.175900000000003,118.4457,16.58386970117507,10.11665461993846,5.888355489169386,5.888355489169386,4.34045832669679,-3.73,18.30820281053822,7.26312980082834,3.18160267473781,4.432495114427643,301.04,0.53333,0.39279,0.89559
O=C(Cc1ccccc1Cl)N1CCC(c2ccc3c(c2)OCO3)C1,5.602059991327963,343.8100000000001,4,0,3,0,3,24,42,5,1,0.3157894736842105,4,2,2,1,2,0,1,2,0,0,1,1,145.4831422754214,38.77,3.627300000000003,91.65900000000005,13.96018794536898,8.490394381794214,5.077230060885325,5.077230060885325,3.544970098622271,-2.2,15.33485952133195,6.36249804937424,2.938605213652245,4.065333907995938,250.79,0.58333,0.4692,0.79105
COc1ccccc1C1CCN(C(=O)Cc2c(F)cccc2F)C1,5.244125144327509,331.362,3,0,4,0,2,24,43,5,1,0.3157894736842105,3,2,1,1,1,0,1,1,0,0,1,1,139.4032327784145,29.54,3.532000000000003,86.99400000000004,13.46686840070934,7.934169085475614,4.509400243167958,4.509400243167958,3.208585737434907,-2.43,16.42856246722812,6.990580811005047,3.249799563223959,4.78521639732511,250.07,0.54167,0.4373,0.78706
COc1ccccc1C1CCN(C(=O)C=Cc2ccc(=NC(C)=O)[nH]c2)C1,5.455931955649724,365.4330000000001,6,1,4,1,3,27,50,6,2,0.2857142857142857,3,2,1,1,2,1,1,1,0,0,1,1,157.753877850418,74.75999999999999,2.4998,103.0027,15.51399509784741,8.905136110390982,4.59530647799659,4.59530647799659,3.262405762532183,-3.15,18.63544197479133,8.488105464228957,4.725193991121301,5.85850358720548,292.5,0.62963,0.27486,0.77872
O=C(Cc1ccccc1Cl)N1CCC(c2ccccn2)C1,4.735182176990463,300.789,3,0,3,0,2,21,38,4,1,0.2941176470588235,3,2,1,1,2,1,1,1,0,0,1,1,129.1165888364867,33.2,3.293600000000001,83.33100000000005,12.46114844794429,7.537242772520093,4.315246232833854,4.315246232833854,2.964701946953324,-1.87,14.08353197444257,6.269480569894606,3.244389060187141,4.204591908059863,229.29,0.61905,0.49979,0.75329
O=C(Cc1ccccc1F)N1CCC(c2ccc3c(c2)OCO3)C1,5.568636235841013,327.3550000000001,4,0,3,0,3,24,42,5,1,0.3157894736842105,4,2,2,1,2,0,1,2,0,0,1,1,139.3454114514659,38.77,3.113000000000002,86.60700000000006,13.20425899935052,8.112429908784987,4.708502337141375,4.708502337141375,3.342421412563962,-2.56,14.99630141352884,6.150153937090127,2.81714904866688,3.842898424175193,241.72,0.58333,0.4692,0.79105
O=C(Cc1cccc(F)c1F)N1CCC(c2ccccc2)C1,5.136677139879544,301.336,2,0,3,0,1,22,39,4,1,0.2777777777777778,3,2,1,1,1,0,1,1,0,0,1,1,127.924745434511,20.31,3.523400000000002,80.44200000000005,12.1359703794351,7.405129983113151,4.185182895923618,4.185182895923618,2.943788751413118,-2.23,14.69665016503391,6.260141297003812,3.006575610448101,4.181959392079395,227.81,0.59091,0.52753,0.73945
COc1ccc(C2CCN(C(=O)C=Cc3ccc(=NC(C)=O)[nH]c3)C2)cc1,5.443697499232712,365.4330000000001,6,1,4,1,3,27,50,6,2,0.2857142857142857,3,2,1,1,2,1,1,1,0,0,1,1,157.753877850418,74.75999999999999,2.4998,103.0027,15.51399509784741,8.899153046247273,4.60376125910522,4.60376125910522,3.153013892613586,-3.15,18.63544197479133,8.488105464228957,4.938254046375321,5.85850358720548,292.5,0.7037,0.35896,0.74264
CC(=O)N=c1ccc(C=CC(=O)N2CCC(c3ccccn3)C2)c[nH]1,4.546681659952962,336.395,6,1,3,1,3,25,45,6,2,0.2631578947368421,3,2,1,1,3,2,1,1,0,0,1,1,145.495038487461,78.42,1.8862,94.24570000000004,14.0529604028835,8.235894227597512,4.122601119228343,4.122601119228343,2.863733836074167,-3.02,16.82442762630243,7.700078434804928,4.500429801726895,5.181976493729105,269,0.68,0.308,0.76251
O=C(Cc1cccc(F)c1F)N1CCC(c2ccc3c(c2)OCO3)C1,5.259637310505756,345.3450000000001,4,0,3,0,3,25,42,6,1,0.3157894736842105,4,2,2,1,2,0,1,2,0,0,1,1,143.5109468543922,38.77,3.252100000000002,86.56500000000005,13.50487320317012,8.218078811956268,4.782236052426128,4.782236052426128,3.385648318681651,-2.63,15.87208914373927,6.349512528634635,3.038397794531455,4.031201154951131,248.07,0.56,0.477,0.80599
CN(Cc1cn(C)c2ccccc12)C(=O)CC=c1cnc2c(c1)CCC(=O)N=2,6.886056647693163,374.4440000000002,6,0,4,0,4,28,50,6,2,0.2727272727272727,4,3,1,0,3,2,0,1,0,0,0,0,162.3761869458593,67.56,1.4949,106.821,16.05258024119076,9.346522810725483,5.127952487022792,5.127952487022792,3.589757195255404,-3.28,18.10053384806632,7.384409972170864,3.579610649430594,4.773634380331328,292.57,0.60714,0.51046,0.84401
Cc1[nH]c2ccccc2c1CN(C)C(=O)CC=c1cnc2c(c1)CCC(=O)N=2,7.301029995663981,374.4440000000001,6,1,4,1,3,28,50,6,2,0.2727272727272727,4,3,1,0,3,2,0,1,0,0,0,0,162.166215459264,78.42,1.79292,106.9377,16.02801637650117,9.378828393133572,5.163263776627516,5.163263776627516,3.558311712058006,-3.28,18.10053384806632,7.384409972170864,3.579610649430594,4.773634380331328,292.94,0.60714,0.51046,0.85083
CN(Cc1cc2ccccc2n1C)C(=O)CC=c1cnc2c(c1)CCCN=2,5.638272163982407,360.4610000000001,5,0,4,0,4,27,51,5,1,0.3181818181818182,4,3,1,0,3,2,0,1,0,0,0,0,158.2146648458156,50.49,1.9683,106.681,15.85143873191344,9.385549285764766,5.218165929898538,5.218165929898538,3.6039860652816,-2.95,17.46314263652236,7.349301102857398,3.629145276671574,4.753403460664809,288.58,0.59259,0.51553,0.82134
Cc1ccccc1Cn1cnc(-c2ccsc2)c1,4.437707135543525,254.358,2,0,3,0,3,18,32,3,0,0.1333333333333333,3,3,0,0,2,2,0,0,0,0,0,0,110.5546189193858,17.82,3.968320000000003,75.82100000000004,11.02243126628469,6.858907192282069,3.747593549187139,3.747593549187139,2.639701880477214,-1.87,11.23353946143088,4.783417351142938,2.219365048316007,2.985261531919853,202.7,0.61111,0.51239,0.70898
O=[N+]([O-])c1cccc(Cn2cnc(-c3ccsc3)c2)c1,4.832682665251824,285.328,5,0,4,0,5,20,31,6,0,0.07142857142857142,3,3,0,0,2,2,0,0,0,0,0,0,118.8426525274891,60.96,3.568100000000002,77.73840000000003,11.28614144271237,6.941679297558451,3.619952248989852,3.619952248989852,2.634715907185597,-2.47,12.55807685682667,5.260213145280604,2.597241115577715,3.30290804808619,214.11,0.6,0.55865,0.73284
CN(Cc1cc2ccccc2n1C)C(=O)c1ccc(N)cc1,4.787812395596042,293.37,4,2,3,1,3,22,41,4,1,0.1666666666666667,3,3,0,0,1,1,0,0,0,0,0,0,129.3103086897521,51.26000000000001,3.032700000000001,89.57090000000002,12.78328495454659,7.20389576411188,3.954542721520105,3.954542721520105,2.658668017193648,-2.75,14.19837370242215,5.560848,2.551775147928994,3.588863545743945,231.67,0.59091,0.54678,0.76251
CN(Cc1cc2ccccc2n1C)C(=O)CC=c1cnc2c(c1)CCC(=O)N=2,7.301029995663981,374.4440000000001,6,0,4,0,4,28,50,6,2,0.2727272727272727,4,3,1,0,3,2,0,1,0,0,0,0,162.3761869458593,67.56,1.4949,106.821,16.05258024119076,9.350605853323113,5.191171991987052,5.191171991987052,3.523442049454422,-3.28,18.10053384806632,7.384409972170864,3.579610649430594,4.773634380331328,292.57,0.60714,0.51046,0.83726
Cc1cc(C=CC(=O)N(C)Cc2cc3ccccc3n2C)c[nH]c1=N,6.040958607678906,334.423,5,2,4,2,3,25,47,5,1,0.2,3,3,0,0,2,2,0,0,0,0,0,0,146.2806402839563,64.88,2.96609,99.81140000000005,14.70593468535696,8.15923756537336,4.405478747917853,4.405478747917853,2.842851819835074,-3.08,16.76646704175569,6.807566278149764,3.55140486712234,4.565553425486618,269.84,0.6,0.42402,0.78531
CC(=O)N=c1[nH]cc(C=CC(=O)N(C)Cc2cc3ccccc3n2C)cc1C,6.026872146400302,376.4600000000001,6,1,4,1,3,28,52,6,2,0.2272727272727273,3,3,0,0,2,2,0,0,0,0,0,0,163.3820180993887,70.46000000000001,2.933820000000001,110.2007000000001,16.56139657132078,9.060575306105248,4.64629436857776,4.64629436857776,3.113131125831198,-3.41,19.35431191348689,8.08371224494743,4.281868237880932,5.58766743598521,302.51,0.60714,0.40966,0.8085
Cc1cccc2c(CN(C)C(=O)CC=c3cnc4c(c3)CCC(=O)N=4)c(C)n(C)c12,7.698970004336019,402.4980000000002,6,0,4,0,4,30,56,6,2,0.3333333333333333,4,3,1,0,3,2,0,1,0,0,0,0,175.1060711746526,67.56,2.11174,116.2950000000001,17.8978797028115,10.18992225080015,5.97438420990957,5.97438420990957,4.132139588811046,-3.28,20.01155201802738,7.858946047919712,3.651119109191721,5.242323588160534,317.09,0.56667,0.51574,0.89773
O=C1N=c2ncc(=CCC(=O)N3CC4C=C(c5ccsc5)CC4C3)cc2CO1,6.076395477972813,393.4680000000002,6,0,3,0,5,28,47,7,2,0.3333333333333333,5,2,3,1,4,2,1,2,0,0,2,2,165.42286001038,71.86,2.1454,104.758,16.02281685792243,10.31472202124342,6.341604770682566,6.341604770682566,4.887985667546537,-2.8,17.30874460499156,6.979492455418383,3.262500000000001,4.314509013689365,286.66,0.64286,0.42607,0.86758
COc1cncc(C(=O)N=c2ccc(C=CC(=O)N3CC4C=C(c5ccnn5C)CC4C3)c[nH]2)c1,6.181228393379026,470.5330000000002,9,1,5,1,6,35,61,9,2,0.2692307692307692,5,3,2,1,4,3,1,1,0,0,2,2,202.0372456518657,105.47,2.468,129.8712,19.58768669191616,11.42838025772398,6.507090067754984,6.507090067754984,4.665118489385891,-4.27,22.51867391233877,9.5353455621259,4.839516340073502,6.134952495856563,362.69,0.62857,0.28212,0.87589
O=C1CNCc2cc(=CCC(=O)N3CC4C=C(c5ccccc5)CC4C3)cnc2=N1,6.058514956774614,400.4820000000001,6,1,3,1,4,30,54,6,2,0.3333333333333333,5,2,3,1,3,1,1,2,0,0,2,2,174.5837558084663,74.66,1.063499999999999,113.4097,16.75163101563277,10.4683693508234,6.184927421741225,6.184927421741225,4.640122376230502,-3.12,18.88005369271658,7.953519085157966,3.827980646531555,5.005428912460949,305.94,0.63333,0.42002,0.85083
Cc1cccc(Cl)c1Cc1c(Cl)n(Cc2cccc(Cl)c2)ccc1=O,6.468521082957745,392.713,2,0,4,0,2,25,41,5,0,0.15,3,3,0,0,1,1,0,0,0,0,0,0,161.1413581230454,22,5.756020000000005,105.261,15.8675081281266,8.951050507897612,5.18748705135391,5.18748705135391,3.557537685399708,-1.74,18.06314374213641,7.652372121550282,4.0908787487448,5.529035903995205,283.03,0.52,0.49993,0.81096
Cc1cccc(Cl)c1Cc1c(Cl)n(Cc2cccs2)ccc1=O,6.455931955649724,364.297,2,0,4,0,3,23,38,5,0,0.1666666666666667,3,3,0,0,2,2,0,0,0,0,0,0,148.4784551665753,22,5.164120000000004,98.12800000000003,14.88100931130088,8.837557611481675,5.477874293779011,5.477874293779011,3.785756222722328,-1.55,16.31278931265088,6.914173598682637,3.523242391382741,4.903889442887087,263.55,0.52174,0.48505,0.81625
C=CC(C)(C)C12CC(=O)C(=O)N3C(=Cc4c[nH]cn4)C(=O)NC31N(OC)c1ccccc12,4.396855627379818,433.4680000000002,9,2,4,2,6,32,55,9,2,0.3043478260869565,5,2,3,2,4,1,2,3,1,0,2,2,184.2514753572491,107.63,1.8672,115.4944,18.00764966424543,10.22779073665066,7.020806597962698,7.020806597962698,5.505982611772881,-3.72,20.1976612939137,6.394629837698465,2.10703202682391,4.036142736305872,307.18,0.34375,0.23549,1.0759
CC(C)CCCC/C=C\CCCCCCCC(=O)O,4.787812395596042,268.4409999999999,2,1,13,1,1,19,51,2,0,0.8235294117647058,0,0,0,0,0,0,0,0,0,0,0,0,118.8444776782308,37.3,5.574300000000005,82.40080000000006,12.86568728658473,7.994063076679359,3.330364871673013,3.330364871673013,2.119221324189936,-0.79,18.21,13.63725647843317,17.21,13.07023370906674,252.48,0.89474,0.63542,0.36642
CC(C)CCC/C=C\CCCCCCCC(=O)O,4.795880017344075,254.4139999999999,2,1,12,1,1,18,48,2,0,0.8125,0,0,0,0,0,0,0,0,0,0,0,0,112.4795355638342,37.3,5.184200000000004,77.78380000000006,12.15858050539818,7.494063076679359,3.080364871673013,3.080364871673013,1.948397319792882,-0.79,17.21,12.66134090587577,15.21,12.10564872167345,238.72,0.88889,0.63678,0.35499
O=C1CNCc2cc(=CCC(=O)N3C[C@H]4CC(c5ccccc5)=C[C@H]4C3)cnc2=N1,6.034381276829573,400.482,6,1,3,1,4,30,54,6,2,0.3333333333333333,5,2,3,1,3,1,1,2,0,0,2,0,174.5837558084663,74.66,1.063499999999999,113.4097,16.75163101563277,10.4683693508234,6.184927421741225,6.184927421741225,4.6401223762305,-3.12,18.88005369271658,7.953519085157966,3.827980646531555,5.005428912460949,305.94,0.63333,0.42002,0.8534
CCCOc1c(CN(C)C(=O)CC=c2cnc3c(c2)CC2(CCNCC2)C(=O)N=3)cccc1OC,7.148741651280925,478.5930000000004,8,1,8,1,6,35,69,8,2,0.4814814814814815,4,2,2,1,3,1,1,2,1,0,0,0,205.6011067963833,93.12,1.780300000000001,132.6017,20.80269659417201,12.27198711888242,6.79118308508935,6.79118308508935,4.734070028306516,-3.26,24.85163809518128,10.98940628138051,5.533335535260518,7.802992793879437,378.2,0.54286,0.53864,0.88167
Cc1c(CN(C)C(=O)CC=c2cnc3c(c2)CC2(CCNCC2)C(=O)N=3)sc2ccccc12,7.318758762624412,460.6030000000002,6,1,4,1,5,33,61,7,2,0.3846153846153846,5,3,2,1,4,2,1,2,1,0,0,0,196.6012177963264,74.66,2.50602,130.3837,19.87408159145241,12.26778682689826,8.233632623447146,8.233632623447146,6.119673802043725,-2.9,21.92015978534756,8.799618184673006,4.227585204175496,5.845122322972192,348.96,0.54545,0.4691,0.89035
Cc1c(CN(C)C(=O)CC=c2cnc3c(c2)CCC(=O)N=3)sc2ccccc12,7.522878745280337,391.496,5,0,4,0,4,28,49,6,2,0.2727272727272727,4,3,1,0,3,2,0,1,0,0,0,0,166.5974183086612,62.63,2.526320000000001,110.464,16.75276124789276,10.10357326452516,6.321814789151065,6.321814789151065,4.638260880739767,-2.86,18.50084730171864,7.637221742327147,3.730654789884922,5.046252616577148,299.31,0.60714,0.50955,0.84935
Cc1c(CN(C)C(=O)CC=c2cnc3c(c2)CC2(CCN(C)CC2)C(=O)N=3)sc2ccccc12,7.853871964321762,474.6300000000002,6,0,4,0,5,34,64,7,2,0.4074074074074074,5,3,2,1,4,2,1,2,1,0,0,0,203.1761313973184,65.87,2.848220000000001,135.0109999999999,20.82129518695237,12.64034917324534,8.617127392120649,8.617127392120649,6.260898960679029,-2.9,22.87068367951559,9.039895943055955,4.300023953843938,6.080841194393207,360.06,0.55882,0.45797,0.89368
Cc1c(CN(C)C(=O)CC=c2cnc3c(c2)CC2(CCN(C)CC2)C(=O)N=3)sc2ccc(F)cc12,7.552841968657781,492.6200000000002,6,0,4,0,5,35,64,8,2,0.4074074074074074,5,3,2,1,4,2,1,2,1,0,0,0,207.3416668002446,65.87,2.987320000000001,134.969,21.12190939077197,12.74001501227292,8.671677354835875,8.671677354835875,6.260071376269696,-2.97,23.75702012516322,9.240456233064554,4.645216439524861,6.272162991274416,366.41,0.57143,0.46566,0.90399
Cc1c(CN(C)C(=O)CC=c2cnc3c(c2)CC2(CCN(C)CC2)C(=O)N=3)oc2ccccc12,7.698970004336019,458.5620000000002,7,0,4,0,5,34,64,7,2,0.4074074074074074,5,3,2,1,4,2,1,2,1,0,0,0,198.3300973909837,79.01,2.379720000000001,129.4,20.00479860602464,11.82385259231762,7.359532920370397,7.359532920370397,4.996491748261557,-3.32,22.47113303507168,8.796920314859303,4.15988649969756,5.814022549827296,353.81,0.55882,0.45867,0.88951
CCCOc1c(CN(C)C(=O)CC=c2cnc3c(c2)CC2(CCN(C)CC2)C(=O)N=3)cccc1OC,7.585026652029182,492.6200000000004,8,0,8,0,6,36,72,8,2,0.5,4,2,2,1,3,1,1,2,1,0,0,0,212.1760203973753,84.33,2.122500000000001,137.2289999999999,21.74991018967197,12.64454946522951,7.174677853762851,7.174677853762851,4.875295186941821,-3.26,25.82161631180112,11.20370848025624,5.590129971875547,8.03605171240136,389.3,0.55556,0.53081,0.88404
CN(Cc1cc2ccccc2n1C)C(=O)CC=c1cnc2c(c1)CC1(CCNCC1)C(=O)N=2,6.87942606879415,443.5510000000003,7,1,4,1,5,33,62,7,2,0.3846153846153846,5,3,2,1,4,2,1,2,1,0,0,0,192.3799864335246,79.59,1.4746,126.7407,19.1739005847504,11.51481941569621,7.102989826283134,7.102989826283134,5.004854970758381,-3.32,21.52177193764422,8.55535640000025,4.086558457593131,5.579588766244553,342.22,0.54545,0.46981,0.88286
Cc1c(CN(C)C(=O)CC=c2cnc3c(c2)CC2(CCNCC2)C(=O)N=3)oc2ccccc12,7.309803919971486,444.5350000000002,7,1,4,1,5,33,61,7,2,0.3846153846153846,5,3,2,1,4,2,1,2,1,0,0,0,191.7551837899917,87.8,2.037520000000001,124.7727,19.05758501052468,11.45129024597053,6.976038151696896,6.976038151696896,4.855266589626252,-3.32,21.52177193764422,8.55535640000025,4.086558457593131,5.579588766244553,342.71,0.54545,0.46981,0.88723
Cc1ccc(Cc2noc(-c3ccsc3)n2)cc1,4.292429823902063,256.33,3,0,3,0,4,18,30,4,0,0.1428571428571428,3,3,0,0,2,2,0,0,0,0,0,0,109.1008205625689,38.92,3.697320000000002,71.59600000000003,10.7759790183693,6.660889875445446,3.402289473600733,3.402289473600733,2.34741804671985,-1.94,11.16760366883367,4.740601830944918,2.333160624826577,2.94117568887445,201.95,0.66667,0.52402,0.69862
Nc1ccc(Cn2cnc(-c3ccsc3)c2)cc1,5.692503962086787,255.3460000000001,3,2,3,1,4,18,31,4,0,0.07142857142857142,3,3,0,0,2,2,0,0,0,0,0,0,109.529567502002,43.84,3.242100000000002,75.49640000000002,10.59978153547431,6.641599262733174,3.478287563936844,3.478287563936844,2.4893790326267,-2.07,11.04523122858959,4.661411932552744,2.284285216574897,2.86035403593065,198.96,0.66667,0.52459,0.68745
Cc1ccc(Cn2cnc(-c3ccsc3)c2)cc1,6.602059991327963,254.3580000000001,2,0,3,0,3,18,32,3,0,0.1333333333333333,3,3,0,0,2,2,0,0,0,0,0,0,110.5546189193859,17.82,3.968320000000003,75.82100000000004,11.02243126628469,6.852924128138361,3.619170807540303,3.619170807540303,2.559820654428429,-1.87,11.23353946143088,4.783417351142938,2.359663978881312,2.985261531919853,202.7,0.66667,0.52459,0.68745
Cc1cccc(Cn2cnc(-c3ccsc3)c2)c1,5.372634143407267,254.358,2,0,3,0,3,18,32,3,0,0.1333333333333333,3,3,0,0,2,2,0,0,0,0,0,0,110.5546189193859,17.82,3.968320000000003,75.82100000000003,11.02243126628469,6.852924128138361,3.581052650589251,3.581052650589251,2.676829174010389,-1.87,11.23353946143088,4.783417351142938,2.359663978881312,2.985261531919853,202.7,0.61111,0.52459,0.69862
COc1ccc(Cn2cnc(-c3ccsc3)c2)cc1,5.721246399047171,270.357,3,0,4,0,4,19,33,4,0,0.1333333333333333,3,3,0,0,2,2,0,0,0,0,0,0,115.6681641488928,27.05,3.668500000000003,77.63600000000004,11.43067955674855,6.965296563834156,3.657622498090439,3.657622498090439,2.597278132993694,-2.07,11.98911930098629,5.281172555259801,2.685037090718057,3.332453042847597,212.7,0.68421,0.54649,0.69536
COc1ccc(-c2cn(Cc3ccc(C)cc3)cn2)cc1,6.443697499232712,278.355,3,0,4,0,3,21,39,3,0,0.1666666666666667,3,3,0,0,1,1,0,0,0,0,0,0,124.3927429928779,27.05,3.915420000000003,84.49600000000004,12.28328495454659,6.96176660398402,3.504779574630637,3.504779574630637,2.261720845551248,-2.55,13.43385351594024,5.833949888961301,3.135142847465663,3.732020391792474,229.02,0.71429,0.50753,0.71096
Cc1ccc(Cn2cnc(-c3cccs3)c2)cc1,5.906578314837765,254.3580000000001,2,0,3,0,3,18,32,3,0,0.1333333333333333,3,3,0,0,2,2,0,0,0,0,0,0,110.5546189193859,17.82,3.968320000000003,75.82100000000004,11.02243126628469,6.802847981386128,3.784995086443107,3.784995086443107,2.589449388003358,-1.87,11.23353946143088,4.783417351142938,2.359663978881312,2.985261531919853,202.7,0.66667,0.52459,0.68745
Cc1ccc(C(=O)N2CCc3c(n(Cc4ccc(O)cc4)c4ccccc34)C2)cc1,6.619788758288394,396.4900000000001,4,1,3,1,3,30,54,4,1,0.1923076923076923,5,4,1,0,2,1,0,1,0,0,0,0,175.5457990262634,45.47,4.902120000000004,118.7703,17.00651943198544,10.32797948534365,6.029238732772845,6.029238732772845,4.410899948498521,-3.53,18.49553604728201,7.37644273535518,3.24298401597409,4.547708750415774,304.78,0.53333,0.39279,0.89559
O=C(c1ccccc1)N1CCc2c(n(Cc3ccc(O)cc3)c3ccccc23)C1,6.309803919971486,382.4630000000001,4,1,3,1,3,29,51,4,1,0.16,5,4,1,0,2,1,0,1,0,0,0,0,169.1808569118668,45.47,4.593700000000004,114.0333,16.08386970117507,9.917295882820685,5.751460954995069,5.751460954995069,4.295491600210209,-3.53,17.56048926694876,7.133141975811385,3.165899339831031,4.319360796753707,292.52,0.51724,0.3878,0.89285
CNc1ccc(C(=O)N2CCc3c(n(Cc4ccc(O)cc4)c4ccccc34)C2)cc1,5.67778070526608,411.5050000000001,5,2,4,2,4,31,56,5,1,0.1923076923076923,5,4,1,0,2,1,0,1,0,0,0,0,181.0956612098714,57.5,4.635400000000003,123.58,17.50651943198544,10.57797948534365,6.151247200700992,6.151247200700992,4.494233281831854,-3.73,19.24640059770126,7.835587371630115,3.523430295955823,4.864737208796203,316.24,0.54839,0.40966,0.89773
CN(Cc1cc2ccccc2n1Cc1ccc(O)cc1)C(=O)c1ccc(O)cc1,6,386.4510000000001,5,2,5,2,4,29,51,5,1,0.125,4,4,0,0,1,1,0,0,0,0,0,0,168.6159797031954,65.7,4.373000000000004,113.0511,16.11686973430193,9.406368991173098,5.033510558739294,5.033510558739294,3.508367028515315,-3.73,18.624866891335,7.716024627925256,3.940318078309519,4.955514883633467,297.11,0.55172,0.51595,0.81766
O=C(c1ccc(O)cc1)N1CCc2c(n(Cc3ccc(O)cc3)c3ccccc23)C1,6.958607314841775,398.462,5,2,3,2,4,30,52,5,1,0.16,5,4,1,0,2,1,0,1,0,0,0,0,173.9750906640628,65.7,4.299300000000003,115.6981,16.4537330274854,10.05158628309362,5.844976597939499,5.844976597939499,4.318768881081848,-3.73,18.30820281053822,7.26312980082834,3.18160267473781,4.432495114427643,298.87,0.53333,0.39279,0.89559
O=C(c1ccccc1O)N1CCc2c(n(Cc3ccc(O)cc3)c3ccccc23)C1,6.142667503568732,398.462,5,2,3,2,4,30,52,5,1,0.16,5,4,1,0,2,1,0,1,0,0,0,0,173.9750906640628,65.7,4.299300000000003,115.6981,16.4537330274854,10.05756934723733,5.865179673803539,5.865179673803539,4.35702086060076,-3.73,18.30820281053822,7.26312980082834,3.084858993164338,4.432495114427643,298.87,0.5,0.39685,0.90168
O=C(c1ccc(Cl)cc1Cl)N1CCc2c(n(Cc3ccc(O)cc3)c3ccccc23)C1,5.744727494896694,451.3530000000002,4,1,3,1,3,31,51,6,1,0.16,5,4,1,0,2,1,0,1,0,0,0,0,189.7873893656301,45.47,5.900500000000005,124.0533,18.19695600085118,10.878539571038,6.440067780599303,6.440067780599303,4.854778636478851,-2.95,19.98072933525765,7.950527437925071,3.665443003669451,5.124430219668398,323.36,0.51613,0.40176,0.91714
O=C(c1ccc(O)cc1)N1CCc2c(n(Cc3ccc(F)cc3)c3ccccc23)C1,6.602059991327963,400.453,4,1,3,1,3,30,51,5,1,0.16,5,4,1,0,2,1,0,1,0,0,0,0,173.346392314793,45.47,4.732800000000004,113.9913,16.38448390499467,10.01696172184826,5.821893557109255,5.821893557109255,4.307227360666726,-3.6,18.42995152354571,7.336715247724585,3.221438216118206,4.507176878587424,298.87,0.53333,0.39279,0.91784
Cc1ccc(C(=O)N2CCc3c(n(Cc4ccc(O)cc4)c4ccccc34)C2)c(O)c1,6.920818753952375,412.4890000000001,5,2,3,2,4,31,55,5,1,0.1923076923076923,5,4,1,0,2,1,0,1,0,0,0,0,180.3400327784594,65.7,4.607720000000004,120.4351,17.37638275829577,10.46825294976029,6.114363991960396,6.114363991960396,4.525055587201692,-3.73,19.24640059770126,7.50756933968042,3.419454033828695,4.661086678274479,311.13,0.51613,0.40176,0.90702
CCCCc1ccc(C(=O)N2CCc3c(n(Cc4ccc(O)cc4)c4ccccc34)C2)cc1,6.292429823902063,438.5710000000001,4,1,6,1,3,33,63,4,1,0.2758620689655172,5,4,1,0,2,1,0,1,0,0,0,0,194.6406253694532,45.47,5.936300000000006,132.6453,19.12783977554508,11.88863965712347,6.75061288031975,6.75061288031975,4.909651919224844,-3.53,21.32277113163785,9.144474360021574,4.254952282470863,5.908652542359714,346.06,0.57576,0.4357,0.90011
Nc1ccc(C(=O)N2CCc3c(n(Cc4ccc(O)cc4)c4ccccc34)C2)cc1,6,397.4780000000001,5,3,3,2,4,30,53,5,1,0.16,5,4,1,0,2,1,0,1,0,0,0,0,174.5207476088795,71.49000000000001,4.175900000000003,118.4457,16.58386970117507,10.11665461993846,5.888355489169388,5.888355489169388,4.340458326696792,-3.73,18.30820281053822,7.263129800828342,3.181602674737812,4.432495114427645,301.04,0.53333,0.39279,0.89559
Cc1cc(O)c(C)c(O)c1C(=O)N1CCc2c(n(Cc3ccc(O)cc3)c3ccccc23)C1,4.301029995663981,442.5150000000002,6,3,3,3,5,33,59,6,1,0.2222222222222222,5,4,1,0,2,1,0,1,0,0,0,0,191.499208645052,85.93,4.621740000000004,126.8369,18.66889581541648,11.03117614498731,6.668369153841121,6.668369153841121,4.841330757944092,-3.93,20.94408863861823,7.886552676962081,3.477280984901313,5.005353282406841,329.74,0.48485,0.40163,0.93668
Cc1cc(C(=O)N2CCc3c(n(Cc4ccc(O)cc4)c4ccccc34)C2)cc(C)c1O,5.537602002101043,426.5160000000002,5,2,3,2,4,32,58,5,1,0.2222222222222222,5,4,1,0,2,1,0,1,0,0,0,0,186.7049748928561,65.7,4.916140000000005,125.1721,18.29903248910615,10.88491961642696,6.468732632423684,6.468732632423684,4.794132811861575,-3.73,20.18822580030267,7.752471154149963,3.397274580113232,4.890894942822265,323.39,0.5,0.40151,0.90677
O=C(c1ccc(O)c(Cl)c1)N1CCc2c(n(Cc3ccc(O)cc3)c3ccccc23)C1,6.795880017344075,432.9070000000002,5,2,3,2,4,31,52,6,1,0.16,5,4,1,0,2,1,0,1,0,0,0,0,184.2783568909445,65.7,4.952700000000003,120.7081,17.51027617732345,10.53519965927413,6.228086460725487,6.228086460725487,4.53523313290331,-3.44,19.51917085528039,7.671248966380213,3.509987047453992,4.830207072521564,314.29,0.51613,0.39734,0.91527
Cc1cc(C(=O)N2CCc3c(n(Cc4ccc(O)cc4)c4ccccc34)C2)ccc1O,6.744727494896694,412.4890000000001,5,2,3,2,4,31,55,5,1,0.1923076923076923,5,4,1,0,2,1,0,1,0,0,0,0,180.3400327784594,65.7,4.607720000000004,120.4351,17.37638275829577,10.46825294976029,6.174465020632024,6.174465020632024,4.50325463787557,-3.73,19.24640059770126,7.507569339680423,3.419454033828696,4.661086678274482,311.13,0.51613,0.39734,0.90425
O=C(c1ccc(O)cc1)N1CCc2c([nH]c3ccccc23)C1c1ccc(O)cc1,4.55129368009492,384.4350000000001,5,3,2,3,3,29,49,5,1,0.125,5,4,1,0,2,1,0,1,0,0,1,1,167.4001770630709,76.56,4.367000000000004,111.0958,15.66965613880197,9.60035953331023,5.618400595366228,5.618400595366228,4.232663393081206,-3.73,17.37398129918905,6.705690410136494,2.914027262747072,4.017397923581475,284.22,0.44828,0.3366,0.91096
Oc1cc(Cl)ccc1Oc1ccc(Cl)cc1Cl,6.356547323513812,289.545,2,1,2,1,2,17,24,5,0,0,2,2,0,0,0,0,0,0,0,0,0,0,113.3060749879089,29.46,5.144700000000002,69.65280000000003,10.72124375818462,5.808762960180536,2.800390067714503,2.800390067714503,1.866689199517428,-1.09,12.36910429200264,5.046296347606327,2.973267232448034,3.671656812464392,195.63,0.64706,0.46139,0.68976
